"","time_s","hpv","uptake"
"1",0,50.2,0.0210619469026545
"2",30,86.53,0.0281415929203536
"3",60,77.89,NA
"4",90,70.97,0.0433628318584066
"5",120,66.84,0.0366371681415924
"6",150,63.47,0.0461946902654868
"7",180,60.59,NA
"8",210,58.02,NA
"9",240,55.79,0.0463716814159288
"10",270,53.82,0.0477876106194685
"11",300,52.01,0.0523893805309732
"12",330,50.47,NA
"13",360,49.13,NA
"14",390,48.05,0.048849557522124
"15",420,47.18,0.0497345132743359
"16",450,46.4,0.0502654867256637
"17",480,45.67,NA
"18",510,45,NA
"19",540,44.37,0.0532743362831859
"20",570,43.78,0.0516814159292034
"21",600,43.23,0.0460176991150439
"22",630,42.67,NA
"23",660,42.12,NA
"24",690,41.62,0.0453097345132741
"25",720,41.14,0.0515044247787605
"26",750,40.67,0.0546902654867255
"27",780,40.21,NA
"28",810,39.8,NA
"29",840,39.39,0.0492035398230089
"30",870,39.03,0.0536283185840708
"31",900,38.69,0.0527433628318581
"32",930,38.34,NA
"33",960,38.06,NA
"34",990,37.79,0.0541592920353978
"35",1020,37.53,0.0538053097345129
"36",1050,37.23,0.0534513274336279
"37",1080,36.95,NA
"38",1110,36.68,0.052566371681416
"39",1140,36.41,0.0534513274336279
"40",1170,36.17,0.0543362831858406
"41",1200,35.94,0.0522123893805311
"42",1230,35.69,NA
"43",1260,35.46,0.0523893805309732
"44",1290,35.23,0.0520353982300883
"45",1320,34.99,0.0497345132743359
"46",1350,34.75,0.0559292035398231
"47",1380,34.5,NA
"48",1410,34.28,0.0511504424778756
"49",1440,34.05,0.0555752212389382
"50",1470,33.83,0.0506194690265486
"51",1500,33.62,0.0518584070796454
"52",1530,33.14,NA
"53",1560,32.73,0.0532743362831859
"54",1590,32.36,0.0543362831858406
"55",1620,32.01,0.0536283185840708
"56",1650,31.33,0.0495575221238939
"57",1680,30.81,NA
"58",1710,30.34,0.0500884955752208
"59",1740,29.96,0.0515044247787605
"60",1770,29.35,0.0500884955752208
"61",1800,28.82,0.0490265486725661
"62",1830,28.44,0.0461946902654868
"63",1860,28.11,0.0495575221238939
"64",1890,27.52,0.0481415929203534
"65",1920,27.03,NA
"66",1950,26.62,0.0474336283185836
"67",1980,26.28,0.0477876106194685
"68",2010,25.74,NA
"69",2040,25.31,0.0465486725663717
"70",2070,24.99,0.0426548672566368
"71",2100,24.66,0.0438938053097344
"72",2130,24.24,NA
"73",2160,23.81,0.0437168141592915
"74",2190,23.47,0.0454867256637169
"75",2220,23.16,0.0453097345132741
"76",2250,22.77,0.0467256637168137
"77",2280,22.25,0.0465486725663717
"78",2310,21.91,0.0470796460176987
"79",2340,21.58,0.0399999999999995
"80",2370,21.24,0.0446017699115042
"81",2400,20.8,0.0465486725663717
"82",2430,20.43,0.0417699115044249
"83",2460,20.11,0.0440707964601765
"84",2490,19.83,0.0423008849557519
"85",2520,19.45,0.0461946902654868
"86",2550,19.16,0.0453097345132741
"87",2580,18.86,0.0442477876106193
"88",2610,18.6,NA
"89",2640,18.17,NA
"90",2670,17.84,0.0430088495575217
"91",2700,17.6,NA
"92",2730,17.35,NA
"93",2760,16.97,0.0431858407079646
"94",2790,16.67,0.0410619469026543
"95",2820,16.41,0.0433628318584066
"96",2850,16.18,NA
"97",2880,15.9,0.041946902654867
"98",2910,15.68,0.0461946902654868
"99",2940,15.45,NA
"100",2970,15.28,0.0435398230088495
"101",3000,15.13,0.0437168141592915
"102",3030,15.01,NA
"103",3060,14.89,NA
"104",3090,14.78,NA
"105",3120,14.66,NA
"106",3150,14.58,NA
"107",3180,14.5,NA
"108",3210,14.42,NA
"109",3240,14.32,0.0447787610619463
"110",3270,14.26,0.041592920353982
"111",3300,14.19,0.0453097345132741
"112",3330,14.13,0.0453097345132741
"113",3360,14.08,NA
"114",3390,14.03,NA
"115",3420,13.94,0.0396460176991146
"116",3450,13.9,0.0405309734513273
"117",3480,13.84,0.0403539823008844
"118",3510,13.8,0.04141592920354
"119",3540,13.72,0.0437168141592915
"120",3570,13.66,0.04141592920354
"121",3600,13.62,0.0435398230088495
"122",3630,13.56,0.0403539823008844
"123",3660,13.51,0.0424778761061947
"124",3690,13.45,0.0359292035398226
"125",3720,13.38,NA
"126",3750,13.36,0.0435398230088495
"127",3780,13.32,0.0417699115044249
"128",3810,13.27,0.0387610619469027
"129",3840,13.21,NA
"130",3870,13.15,NA
"131",3900,13.12,0.0401769911504424
"132",3930,13.05,NA
"133",3960,13.01,NA
"134",3990,12.97,0.041592920353982
"135",4020,12.95,0.0423008849557519
"136",4050,12.91,0.0407079646017694
"137",4080,12.87,0.0399999999999995
"138",4110,12.85,0.0380530973451329
"139",4140,12.81,NA
"140",4170,12.76,0.0430088495575217
"141",4200,12.73,0.0394690265486725
"142",4230,12.68,0.0391150442477876
"143",4260,12.64,0.0396460176991146
"144",4290,12.6,0.0405309734513273
"145",4320,12.56,0.0353982300884956
"146",4350,12.53,0.0387610619469027
"147",4380,12.5,0.0407079646017694
"148",4410,12.47,0.0423008849557519
"149",4440,12.44,0.0428318584070796
"150",4470,12.39,0.0394690265486725
"151",4500,12.37,0.0408849557522122
"152",4530,12.35,0.0403539823008844
"153",4560,12.29,0.0405309734513273
"154",4590,12.28,0.0380530973451329
"155",4620,12.22,0.0396460176991146
"156",4650,12.2,0.0417699115044249
"157",4680,12.16,NA
"158",4710,12.11,NA
"159",4740,12.08,0.03787610619469
"160",4770,12.04,0.0405309734513273
"161",4800,12.03,0.0412389380530971
"162",4830,11.99,NA
"163",4860,11.97,0.0368141592920353
"164",4890,11.93,NA
"165",4920,11.89,0.0375221238938051
"166",4950,11.85,NA
"167",4980,11.82,NA
"168",5010,11.79,0.041592920353982
"169",5040,11.77,NA
"170",5070,11.76,NA
"171",5100,11.72,0.0391150442477876
"172",5130,11.67,0.0399999999999995
"173",5160,11.64,0.041946902654867
"174",5190,11.63,NA
"175",5220,11.62,NA
"176",5250,11.58,0.0389380530973448
"177",5280,11.55,NA
"178",5310,11.52,NA
"179",5340,11.5,NA
"180",5370,11.48,NA
"181",5400,11.45,0.0430088495575217
"182",5430,11.43,NA
"183",5460,11.38,NA
"184",5490,11.36,0.0408849557522122
"185",5520,11.34,0.0442477876106193
"186",5550,11.31,0.0382300884955749
"187",5580,11.29,NA
"188",5610,11.26,NA
"189",5640,11.23,NA
"190",5670,11.22,NA
"191",5700,11.19,NA
"192",5730,11.17,0.0382300884955749
"193",5760,11.13,0.0398230088495575
"194",5790,11.11,0.0384070796460178
"195",5820,11.09,0.0396460176991146
"196",5850,11.07,NA
"197",5880,11.07,0.0417699115044249
"198",5910,11.03,NA
"199",5940,11,NA
"200",5970,10.97,0.0392920353982297
"201",6000,10.95,NA
"202",6030,10.94,NA
"203",6060,10.91,0.0426548672566368
"204",6090,10.88,0.0398230088495575
"205",6120,10.85,NA
"206",6150,10.84,0.0405309734513273
"207",6180,10.83,NA
"208",6210,10.8,0.0373451327433623
"209",6240,10.76,NA
"210",6270,10.75,NA
"211",6300,10.71,0.0444247787610614
"212",6330,10.71,NA
"213",6360,10.7,NA
"214",6390,10.67,0.0371681415929202
"215",6420,10.66,NA
"216",6450,10.63,NA
"217",6480,10.61,NA
"218",6510,10.6,NA
"219",6540,10.6,0.0405309734513273
"220",6570,10.59,0.0424778761061947
"221",6600,10.58,0.0421238938053098
"222",6630,10.56,0.041946902654867
"223",6660,10.53,NA
"224",6690,10.53,0.0359292035398226
"225",6720,10.5,0.0444247787610614
"226",6750,10.49,0.0435398230088495
"227",6780,10.47,NA
"228",6810,10.45,NA
"229",6840,10.43,0.0407079646017694
"230",6870,10.42,0.0348672566371678
"231",6900,10.39,NA
"232",6930,10.38,NA
"233",6960,10.37,0.0417699115044249
"234",6990,10.35,0.0401769911504424
"235",7020,10.34,0.045132743362832
"236",7050,10.34,NA
"237",7080,10.31,0.0399999999999995
"238",7110,10.31,0.0424778761061947
"239",7140,10.29,0.0440707964601765
"240",7170,10.27,0.0428318584070796
"241",7200,10.26,NA
"242",7230,10.25,0.0435398230088495
"243",7260,10.22,NA
"244",7290,10.22,0.0403539823008844
"245",7320,10.2,0.0384070796460178
"246",7350,10.17,0.0396460176991146
"247",7380,10.15,0.0458407079646018
"248",7410,10.13,0.0424778761061947
"249",7440,10.11,0.0424778761061947
"250",7470,10.12,0.0424778761061947
"251",7500,10.1,0.0417699115044249
"252",7530,10.1,NA
"253",7560,10.09,0.0453097345132741
"254",7590,10.07,0.0403539823008844
"255",7620,10.03,NA
"256",7650,10.02,0.0401769911504424
"257",7680,10.01,0.041946902654867
"258",7710,10,NA
"259",7740,9.98,0.0371681415929202
"260",7770,9.98,0.0391150442477876
"261",7800,9.98,NA
"262",7830,9.95,0.0449557522123891
"263",7860,9.93,0.0401769911504424
"264",7890,9.91,NA
"265",7920,9.91,0.0412389380530971
"266",7950,9.9,0.0401769911504424
"267",7980,9.89,0.0366371681415924
"268",8010,9.87,0.0412389380530971
"269",8040,9.86,0.0392920353982297
"270",8070,9.85,0.0392920353982297
"271",8100,9.83,0.0412389380530971
"272",8130,9.83,0.0449557522123891
"273",8160,9.82,0.0424778761061947
"274",8190,9.79,0.0449557522123891
"275",8220,9.78,NA
"276",8250,9.78,0.0461946902654868
"277",8280,9.79,0.0433628318584066
"278",8310,9.75,NA
"279",8340,9.76,NA
"280",8370,9.73,0.0431858407079646
"281",8400,9.72,0.0399999999999995
"282",8430,9.69,0.0421238938053098
"283",8460,9.67,NA
"284",8490,9.67,NA
"285",8520,9.67,0.0382300884955749
"286",8550,9.66,0.0426548672566368
"287",8580,9.64,NA
"288",8610,9.63,NA
"289",8640,9.62,NA
"290",8670,9.61,0.0389380530973448
"291",8700,9.59,0.0424778761061947
"292",8730,9.57,0.0423008849557519
"293",8760,9.57,0.0407079646017694
"294",8790,9.56,0.0389380530973448
"295",8820,9.55,NA
"296",8850,9.55,NA
"297",8880,9.53,0.0389380530973448
"298",8910,9.52,0.0440707964601765
"299",8940,9.51,0.0463716814159288
"300",8970,9.5,0.0407079646017694
"301",9000,9.49,0.0437168141592915
"302",9030,9.47,NA
"303",9060,9.49,NA
"304",9090,9.49,0.0433628318584066
"305",9120,9.5,0.0423008849557519
"306",9150,9.52,0.0417699115044249
"307",9180,9.51,NA
"308",9210,9.54,NA
"309",9240,9.54,0.0442477876106193
"310",9270,9.52,0.0442477876106193
"311",9300,9.52,0.0408849557522122
"312",9330,9.83,0.0401769911504424
"313",9360,11.28,0.0417699115044249
"314",9390,12.35,0.0412389380530971
"315",9420,13.04,0.0446017699115042
"316",9450,13.8,NA
"317",9480,14.49,NA
"318",9510,15.05,NA
"319",9540,15.53,NA
"320",9570,15.94,NA
"321",9600,16.35,0.0426548672566368
"322",9630,16.68,0.0387610619469027
"323",9660,17,0.0389380530973448
"324",9690,17.25,NA
"325",9720,17.45,NA
"326",9750,17.7,NA
"327",9780,17.97,NA
"328",9810,18.17,0.0396460176991146
"329",9840,18.39,0.0394690265486725
"330",9870,18.65,0.0385840707964599
"331",9900,18.95,0.0394690265486725
"332",9930,19.19,0.04141592920354
"333",9960,19.42,NA
"334",9990,19.67,NA
"335",10020,19.94,NA
"336",10050,20.21,NA
"337",10080,20.41,NA
"338",10110,20.6,0.0396460176991146
"339",10140,20.72,0.0426548672566368
"340",10170,20.84,0.0423008849557519
"341",10200,20.96,0.0391150442477876
"342",10230,21.03,0.0412389380530971
"343",10260,21.08,0.0426548672566368
"344",10290,21.12,0.0371681415929202
"345",10320,21.16,NA
"346",10350,21.16,NA
"347",10380,21.02,NA
"348",10410,20.91,NA
"349",10440,20.81,NA
"350",10470,20.69,0.0435398230088495
"351",10500,20.46,0.0421238938053098
"352",10530,20.25,0.0399999999999995
"353",10560,20.12,0.04141592920354
"354",10590,20,0.0412389380530971
"355",10620,19.86,0.0428318584070796
"356",10650,19.71,0.0387610619469027
"357",10680,19.6,0.0423008849557519
"358",10710,19.52,0.0458407079646018
"359",10740,19.46,NA
"360",10770,19.36,NA
"361",10800,19.27,NA
"362",10830,19.19,NA
"363",10860,19.17,NA
"364",10890,19.16,0.0399999999999995
"365",10920,19.11,0.0403539823008844
"366",10950,19.06,0.0401769911504424
"367",10980,19.07,0.0412389380530971
"368",11010,19.17,0.0398230088495575
"369",11040,19.22,0.0423008849557519
"370",11070,19.2,0.0408849557522122
"371",11100,19.23,NA
"372",11130,19.3,NA
"373",11160,19.32,NA
"374",11190,19.29,NA
"375",11220,19.3,NA
"376",11250,19.39,0.04141592920354
"377",11280,19.43,0.0423008849557519
"378",11310,19.44,0.0428318584070796
"379",11340,19.44,0.0396460176991146
"380",11370,19.53,0.0440707964601765
"381",11400,19.56,0.0387610619469027
"382",11430,19.56,0.0399999999999995
"383",11460,19.58,0.0428318584070796
"384",11490,19.59,0.0423008849557519
"385",11520,19.59,NA
"386",11550,19.59,NA
"387",11580,19.55,NA
"388",11610,19.5,NA
"389",11640,19.47,0.0408849557522122
"390",11670,19.43,0.0449557522123891
"391",11700,19.42,0.0423008849557519
"392",11730,19.44,0.0407079646017694
"393",11760,19.48,0.0398230088495575
"394",11790,19.5,0.0401769911504424
"395",11820,19.52,0.0446017699115042
"396",11850,19.53,0.04141592920354
"397",11880,19.53,0.0438938053097344
"398",11910,19.53,NA
"399",11940,19.5,NA
"400",11970,19.51,NA
"401",12000,19.51,NA
"402",12030,19.47,NA
"403",12060,19.46,0.0385840707964599
"404",12090,19.48,0.0392920353982297
"405",12120,19.54,0.0446017699115042
"406",12150,19.59,0.0447787610619463
"407",12180,19.61,0.041946902654867
"408",12210,19.63,0.0428318584070796
"409",12240,19.59,0.0403539823008844
"410",12270,19.54,0.0421238938053098
"411",12300,19.51,0.0423008849557519
"412",12330,19.47,NA
"413",12360,19.45,NA
"414",12390,19.44,NA
"415",12420,19.4,NA
"416",12450,19.39,NA
"417",12480,19.45,0.0440707964601765
"418",12510,19.52,0.0437168141592915
"419",12540,19.58,0.0423008849557519
"420",12570,19.54,0.0426548672566368
"421",12600,19.47,0.0396460176991146
"422",12630,19.42,0.0428318584070796
"423",12660,19.42,0.0438938053097344
"424",12690,19.43,0.0380530973451329
"425",12720,19.44,0.0407079646017694
"426",12750,19.47,NA
"427",12780,19.46,NA
"428",12810,19.42,NA
"429",12840,19.57,NA
"430",12870,19.71,NA
"431",12900,19.82,0.0391150442477876
"432",12930,19.92,0.0463716814159288
"433",12960,19.97,0.0435398230088495
"434",12990,20.06,0.0426548672566368
"435",13020,20.11,0.0421238938053098
"436",13050,20.14,0.0408849557522122
"437",13080,20.16,0.0460176991150439
"438",13110,20.18,0.0408849557522122
"439",13140,20.18,NA
"440",13170,20.19,NA
"441",13200,20.2,NA
"442",13230,20.2,NA
"443",13260,20.21,NA
"444",13290,20.18,0.0424778761061947
"445",13320,20.16,0.0440707964601765
"446",13350,20.16,0.0423008849557519
"447",13380,20.12,0.0417699115044249
"448",13410,20.06,0.0430088495575217
"449",13440,20.02,0.0431858407079646
"450",13470,19.97,0.0433628318584066
"451",13500,19.91,0.0396460176991146
"452",13530,19.87,0.0394690265486725
"453",13560,19.9,NA
"454",13590,19.88,NA
"455",13620,19.85,NA
"456",13650,19.8,NA
"457",13680,19.76,NA
"458",13710,19.7,0.0437168141592915
"459",13740,19.62,0.0442477876106193
"460",13770,19.54,0.0449557522123891
"461",13800,19.47,0.04141592920354
"462",13830,19.4,0.0424778761061947
"463",13860,19.31,0.0412389380530971
"464",13890,19.26,0.0435398230088495
"465",13920,19.18,0.0474336283185836
"466",13950,19.18,0.0426548672566368
"467",13980,19.25,NA
"468",14010,19.29,NA
"469",14040,19.32,NA
"470",14070,19.39,NA
"471",14100,19.48,NA
"472",14130,19.54,0.0440707964601765
"473",14160,19.57,0.0449557522123891
"474",14190,19.54,0.0401769911504424
"475",14220,19.51,0.0428318584070796
"476",14250,19.52,0.0428318584070796
"477",14280,19.56,0.0446017699115042
"478",14310,19.53,0.0431858407079646
"479",14340,19.49,0.0407079646017694
"480",14370,19.48,NA
"481",14400,19.47,NA
"482",14430,19.51,NA
"483",14460,19.57,NA
"484",14490,19.61,NA
"485",14520,19.66,0.0408849557522122
"486",14550,19.71,0.0407079646017694
"487",14580,19.7,0.0380530973451329
"488",14610,19.68,0.0428318584070796
"489",14640,19.63,0.0460176991150439
"490",14670,19.61,0.0396460176991146
"491",14700,19.59,0.045132743362832
"492",14730,19.28,0.0446017699115042
"493",14760,17.05,0.0410619469026543
"494",14790,16.26,NA
"495",14820,16.45,NA
"496",14850,17.16,NA
"497",14880,18.09,NA
"498",14910,19.1,NA
"499",14940,20.41,0.045663716814159
"500",14970,21.65,0.0385840707964599
"501",15000,22.98,0.0428318584070796
"502",15030,24.41,0.0387610619469027
"503",15060,25.78,0.0403539823008844
"504",15090,27.03,0.0398230088495575
"505",15120,28.07,0.041592920353982
"506",15150,29.01,0.0417699115044249
"507",15180,29.96,0.0428318584070796
"508",15210,30.51,NA
"509",15240,30.84,NA
"510",15270,31.25,NA
"511",15300,31.39,NA
"512",15330,31.38,NA
"513",15360,31.46,0.0481415929203534
"514",15390,31.33,0.0470796460176987
"515",15420,31.09,0.0479646017699113
"516",15450,30.86,0.0490265486725661
"517",15480,30.7,0.0477876106194685
"518",15510,30.53,0.0467256637168137
"519",15540,30.38,0.0516814159292034
"520",15570,30.25,0.0465486725663717
"521",15600,30.11,NA
"522",15630,30.04,NA
"523",15660,30.01,NA
"524",15690,29.98,NA
"525",15720,30,NA
"526",15750,29.91,0.0513274336283184
"527",15780,29.85,0.0481415929203534
"528",15810,29.91,0.0499115044247788
"529",15840,29.89,0.0470796460176987
"530",15870,29.79,0.0507964601769907
"531",15900,29.81,0.0484955752212391
"532",15930,29.85,0.0476106194690264
"533",15960,29.89,0.0495575221238939
"534",15990,29.84,0.0520353982300883
"535",16020,29.83,NA
"536",16050,29.91,NA
"537",16080,29.85,NA
"538",16110,29.88,NA
"539",16140,29.94,NA
"540",16170,29.99,0.053097345132743
"541",16200,29.94,0.0476106194690264
"542",16230,29.92,0.0470796460176987
"543",16260,29.97,0.0476106194690264
"544",16290,29.99,0.0449557522123891
"545",16320,30.03,0.0483185840707963
"546",16350,29.98,0.0446017699115042
"547",16380,29.97,0.045663716814159
"548",16410,29.99,0.0472566371681415
"549",16440,29.98,NA
"550",16470,29.99,NA
"551",16500,30.03,NA
"552",16530,29.97,NA
"553",16560,29.98,NA
"554",16590,30,0.0484955752212391
"555",16620,30.08,0.0431858407079646
"556",16650,30.03,0.0490265486725661
"557",16680,30.02,0.0499115044247788
"558",16710,30.04,0.048849557522124
"559",16740,30.01,0.0520353982300883
"560",16770,29.99,0.0463716814159288
"561",16800,30.01,0.049380530973451
"562",16830,30,NA
"563",16860,30.06,NA
"564",16890,30.03,NA
"565",16920,30.02,NA
"566",16950,29.97,NA
"567",16980,30.04,NA
"568",17010,29.96,0.0467256637168137
"569",17040,29.99,0.0472566371681415
"570",17070,30.06,0.0453097345132741
"571",17100,30,0.0483185840707963
"572",17130,29.99,0.0460176991150439
"573",17160,30.01,0.0470796460176987
"574",17190,30.02,0.0442477876106193
"575",17220,30,0.0506194690265486
"576",17250,29.97,NA
"577",17280,29.99,NA
"578",17310,29.98,NA
"579",17340,29.93,NA
"580",17370,29.91,NA
"581",17400,29.92,0.0442477876106193
"582",17430,29.93,0.0495575221238939
"583",17460,29.97,0.0484955752212391
"584",17490,29.93,0.0458407079646018
"585",17520,29.97,0.0484955752212391
"586",17550,29.98,0.0490265486725661
"587",17580,30.03,0.0502654867256637
"588",17610,30.04,0.0483185840707963
"589",17640,30.06,0.0469026548672566
"590",17670,30.03,NA
"591",17700,30.04,NA
"592",17730,30.04,NA
"593",17760,30.03,NA
"594",17790,30.04,NA
"595",17820,30.01,0.0449557522123891
"596",17850,29.97,0.0481415929203534
"597",17880,30.03,0.0465486725663717
"598",17910,30.01,0.0492035398230089
"599",17940,29.92,0.0446017699115042
"600",17970,29.92,0.045132743362832
"601",18000,29.92,0.0454867256637169
"602",18030,29.92,0.048849557522124
"603",18060,29.97,0.0467256637168137
"604",18090,29.99,NA
"605",18120,30.05,NA
"606",18150,30.05,NA
"607",18180,29.96,NA
"608",18210,29.94,NA
"609",18240,29.96,0.0477876106194685
"610",18270,30.03,0.0481415929203534
"611",18300,29.99,0.0523893805309732
"612",18330,29.94,0.0477876106194685
"613",18360,29.94,0.0474336283185836
"614",18390,29.93,0.0453097345132741
"615",18420,29.94,0.0495575221238939
"616",18450,29.91,0.0481415929203534
"617",18480,29.96,NA
"618",18510,29.92,NA
"619",18540,29.91,NA
"620",18570,29.91,NA
"621",18600,29.87,NA
"622",18630,29.98,0.0467256637168137
"623",18660,29.94,0.0463716814159288
"624",18690,29.9,0.0486725663716812
"625",18720,29.94,0.0465486725663717
"626",18750,29.94,0.045663716814159
"627",18780,29.96,0.0507964601769907
"628",18810,29.98,0.0484955752212391
"629",18840,29.92,0.0486725663716812
"630",18870,30.01,0.0461946902654868
"631",18900,29.92,NA
"632",18930,29.92,NA
"633",18960,29.89,NA
"634",18990,29.93,NA
"635",19020,30.01,NA
"636",19050,29.89,0.0461946902654868
"637",19080,29.92,0.041592920353982
"638",19110,29.94,0.0477876106194685
"639",19140,29.98,0.045132743362832
"640",19170,29.94,0.0490265486725661
"641",19200,29.87,0.0481415929203534
"642",19230,31.02,0.0438938053097344
"643",19260,33.81,0.0499115044247788
"644",19290,31.16,0.0476106194690264
"645",19320,31.73,0.0486725663716812
"646",19350,33.35,0.0513274336283184
"647",19380,33.75,NA
"648",19410,33.74,NA
"649",19440,33.91,NA
"650",19470,34.16,NA
"651",19500,34.29,0.0453097345132741
"652",19530,34.14,0.0465486725663717
"653",19560,34.29,0.0470796460176987
"654",19590,34.3,0.0484955752212391
"655",19620,34.61,0.0500884955752208
"656",19650,34.77,0.049380530973451
"657",19680,35.02,0.0398230088495575
"658",19710,35.14,0.0523893805309732
"659",19740,35.31,0.0539823008849557
"660",19770,35.58,NA
"661",19800,35.83,NA
"662",19830,36.02,NA
"663",19860,36.34,NA
"664",19890,36.5,NA
"665",19920,36.7,0.0495575221238939
"666",19950,36.94,0.049380530973451
"667",19980,37.13,0.0509734513274335
"668",20010,37.47,0.0522123893805311
"669",20040,37.82,0.0495575221238939
"670",20070,38.14,0.0507964601769907
"671",20100,38.55,0.0486725663716812
"672",20130,38.86,0.0499115044247788
"673",20160,39.28,0.0506194690265486
"674",20190,39.64,0.0541592920353978
"675",20220,39.95,0.0506194690265486
"676",20250,40.08,0.0553982300884954
"677",20280,40.22,NA
"678",20310,40.37,NA
"679",20340,40.48,NA
"680",20370,40.53,NA
"681",20400,40.54,NA
"682",20430,40.54,NA
"683",20460,40.45,NA
"684",20490,40.42,0.0523893805309732
"685",20520,40.34,NA
"686",20550,40.32,0.0557522123893803
"687",20580,40.36,0.0520353982300883
"688",20610,40.33,0.0469026548672566
"689",20640,40.3,0.0541592920353978
"690",20670,40.15,0.0509734513274335
"691",20700,39.98,0.0495575221238939
"692",20730,40.05,0.0506194690265486
"693",20760,40.12,0.0497345132743359
"694",20790,40.29,0.0472566371681415
"695",20820,40.32,0.0516814159292034
"696",20850,40.28,NA
"697",20880,40.29,NA
"698",20910,40.31,NA
"699",20940,40.36,NA
"700",20970,40.49,NA
"701",21000,40.49,0.0490265486725661
"702",21030,40.49,0.0502654867256637
"703",21060,40.58,0.0511504424778756
"704",21090,40.64,0.0497345132743359
"705",21120,40.73,0.053097345132743
"706",21150,40.73,0.0522123893805311
"707",21180,40.68,0.0511504424778756
"708",21210,40.68,0.0522123893805311
"709",21240,40.77,0.0486725663716812
"710",21270,40.73,0.0516814159292034
"711",21300,40.66,NA
"712",21330,40.65,NA
"713",21360,40.63,NA
"714",21390,40.58,NA
"715",21420,40.56,NA
"716",21450,40.51,0.0495575221238939
"717",21480,40.55,0.0474336283185836
"718",21510,40.47,0.0550442477876105
"719",21540,40.42,0.0507964601769907
"720",21570,40.32,0.0534513274336279
"721",21600,40.2,0.0522123893805311
"722",21630,40.14,0.0523893805309732
"723",21660,40.25,0.0543362831858406
"724",21690,40.25,0.0518584070796454
"725",21720,40.2,0.0497345132743359
"726",21750,40.3,0.0522123893805311
"727",21780,40.32,0.0518584070796454
"728",21810,40.23,0.0520353982300883
"729",21840,40.2,0.0495575221238939
"730",21870,40.19,0.0515044247787605
"731",21900,40.12,0.0490265486725661
"732",21930,40.1,0.0511504424778756
"733",21960,40.27,0.0520353982300883
"734",21990,40.12,0.0433628318584066
"735",22020,40.05,0.0515044247787605
"736",22050,40.13,0.052920353982301
"737",22080,40.11,0.0486725663716812
"738",22110,40.09,0.052566371681416
"739",22140,40.08,0.0527433628318581
"740",22170,40.12,0.0516814159292034
"741",22200,40.08,0.0481415929203534
"742",22230,40.05,0.0523893805309732
"743",22260,40.62,0.0523893805309732
"744",22290,40.86,NA
"745",22320,40.91,NA
"746",22350,41.05,NA
"747",22380,41.12,0.0483185840707963
"748",22410,41.2,0.0522123893805311
"749",22440,41.18,0.0527433628318581
"750",22470,41.33,0.0523893805309732
"751",22500,41.46,NA
"752",22530,41.61,NA
"753",22560,42,NA
"754",22590,42.28,NA
"755",22620,42.58,NA
"756",22650,42.87,NA
"757",22680,43.07,NA
"758",22710,43.33,NA
"759",22740,43.79,NA
"760",22770,44.2,NA
"761",22800,44.57,NA
"762",22830,45.05,NA
"763",22860,45.45,NA
"764",22890,45.93,NA
"765",22920,46.24,NA
"766",22950,46.59,0.053097345132743
"767",22980,47.07,0.0527433628318581
"768",23010,47.54,0.0474336283185836
"769",23040,48.08,0.0518584070796454
"770",23070,48.45,0.0502654867256637
"771",23100,48.9,0.0539823008849557
"772",23130,49.33,0.0474336283185836
"773",23160,49.7,0.0523893805309732
"774",23190,50.04,0.0500884955752208
"775",23220,50.41,0.0534513274336279
"776",23250,50.71,NA
"777",23280,50.79,NA
"778",23310,51.02,0.0534513274336279
"779",23340,51.07,0.0513274336283184
"780",23370,51.24,0.0504424778761057
"781",23400,51.46,NA
"782",23430,51.27,NA
"783",23460,51.37,NA
"784",23490,51.34,0.0515044247787605
"785",23520,51.31,0.0523893805309732
"786",23550,51.32,NA
"787",23580,51.32,NA
"788",23610,51.13,0.0532743362831859
"789",23640,51.1,0.0518584070796454
"790",23670,50.76,NA
"791",23700,50.72,NA
"792",23730,50.49,NA
"793",23760,50.48,0.0548672566371676
"794",23790,50.5,0.0469026548672566
"795",23820,50.3,0.0446017699115042
"796",23850,50.1,0.0502654867256637
"797",23880,50.05,0.0481415929203534
"798",23910,50.16,0.0511504424778756
"799",23940,50.1,0.0534513274336279
"800",23970,50.1,NA
"801",24000,49.95,NA
"802",24030,49.92,NA
"803",24060,49.95,0.0520353982300883
"804",24090,49.97,0.0520353982300883
"805",24120,49.8,NA
"806",24150,49.81,0.0483185840707963
"807",24180,49.78,0.0507964601769907
"808",24210,49.91,0.0532743362831859
"809",24240,49.73,NA
"810",24270,49.71,0.0520353982300883
"811",24300,49.64,0.0428318584070796
"812",24330,49.76,NA
"813",24360,49.74,NA
"814",24390,49.75,NA
"815",24420,49.88,0.0532743362831859
"816",24450,49.94,0.0486725663716812
"817",24480,49.95,NA
"818",24510,49.87,0.0545132743362827
"819",24540,49.87,0.0499115044247788
"820",24570,49.95,0.0477876106194685
"821",24600,50.27,0.0495575221238939
"822",24630,50.17,NA
"823",24660,50.07,0.0474336283185836
"824",24690,50.02,0.0527433628318581
"825",24720,50,0.049380530973451
"826",24750,49.98,0.0518584070796454
"827",24780,50.04,NA
"828",24810,49.96,0.0484955752212391
"829",24840,49.95,0.0506194690265486
"830",24870,49.94,NA
"831",24900,49.88,NA
"832",24930,49.83,0.0507964601769907
"833",24960,49.91,0.0509734513274335
"834",24990,49.9,0.052566371681416
"835",25020,49.91,0.052566371681416
"836",25050,49.9,NA
"837",25080,50.02,0.0499115044247788
"838",25110,50.03,NA
"839",25140,50.06,NA
"840",25170,50.04,0.0520353982300883
"841",25200,49.84,NA
"842",25230,49.78,0.0516814159292034
"843",25260,49.82,0.052920353982301
"844",25290,49.78,NA
"845",25320,49.96,NA
"846",25350,50.28,0.0507964601769907
"847",25380,50.46,NA
"848",25410,50.52,NA
"849",25440,50.72,0.0504424778761057
"850",25470,51.02,0.0520353982300883
"851",25500,51.26,NA
"852",25530,51.53,NA
"853",25560,51.94,0.0495575221238939
"854",25590,52.22,0.0506194690265486
"855",25620,52.66,NA
"856",25650,53.11,0.0481415929203534
"857",25680,53.31,NA
"858",25710,53.79,0.0497345132743359
"859",25740,54.21,0.049380530973451
"860",25770,54.8,NA
"861",25800,55.14,0.0523893805309732
"862",25830,55.54,NA
"863",25860,55.71,NA
"864",25890,55.96,NA
"865",25920,56.49,0.0516814159292034
"866",25950,56.87,NA
"867",25980,57.22,0.0506194690265486
"868",26010,57.58,0.0472566371681415
"869",26040,57.92,0.0513274336283184
"870",26070,58.2,NA
"871",26100,58.57,0.0532743362831859
"872",26130,58.95,0.0511504424778756
"873",26160,59.49,NA
"874",26190,59.93,NA
"875",26220,59.97,0.053097345132743
"876",26250,60.28,NA
"877",26280,60.76,0.0527433628318581
"878",26310,61.08,NA
"879",26340,61.13,NA
"880",26370,61.27,0.0516814159292034
"881",26400,61.36,NA
"882",26430,61.31,NA
"883",26460,61.26,0.0504424778761057
"884",26490,61.03,NA
"885",26520,60.98,0.0484955752212391
"886",26550,60.89,NA
"887",26580,60.71,0.0520353982300883
"888",26610,60.8,0.0504424778761057
"889",26640,60.93,NA
"890",26670,60.81,0.052566371681416
"891",26700,60.57,NA
"892",26730,60.41,0.052566371681416
"893",26760,60.28,0.0527433628318581
"894",26790,60.33,NA
"895",26820,60.43,0.0492035398230089
"896",26850,60.34,0.0476106194690264
"897",26880,60.16,NA
"898",26910,59.82,0.052920353982301
"899",26940,59.72,0.0509734513274335
"900",26970,59.68,0.0499115044247788
"901",27000,59.78,NA
"902",27030,59.86,0.0523893805309732
"903",27060,59.71,0.0520353982300883
"904",27090,59.81,NA
"905",27120,60.19,0.0532743362831859
"906",27150,60.33,NA
"907",27180,60.31,NA
"908",27210,60.17,NA
"909",27240,59.89,0.0518584070796454
"910",27270,59.84,NA
"911",27300,59.88,0.0495575221238939
"912",27330,59.91,NA
"913",27360,60.12,0.0511504424778756
"914",27390,60.21,NA
"915",27420,60,NA
"916",27450,59.8,0.0536283185840708
"917",27480,59.81,0.0527433628318581
"918",27510,59.84,0.0545132743362827
"919",27540,59.84,0.0492035398230089
"920",27570,60,0.0527433628318581
"921",27600,60.17,0.0515044247787605
"922",27630,60.19,0.0516814159292034
"923",27660,60.17,0.0536283185840708
"924",27690,60.1,0.0534513274336279
"925",27720,60.14,0.052920353982301
"926",27750,60.12,0.0490265486725661
"927",27780,59.93,NA
"928",27810,59.89,0.0527433628318581
"929",27840,59.95,NA
"930",27870,59.86,NA
"931",27900,59.69,0.0469026548672566
"932",27930,59.83,0.0497345132743359
"933",27960,59.81,NA
"934",27990,60.17,NA
"935",28020,60.22,0.0539823008849557
"936",28050,60.11,NA
"937",28080,59.95,0.0484955752212391
"938",28110,59.76,0.0539823008849557
"939",28140,59.83,NA
"940",28170,59.96,0.0502654867256637
"941",28200,59.86,NA
"942",28230,60.26,0.0559292035398231
"943",28260,62.17,NA
"944",28290,62.99,0.0513274336283184
"945",28320,63.23,0.0534513274336279
"946",28350,63.29,NA
"947",28380,63.57,0.0476106194690264
"948",28410,63.6,0.0502654867256637
"949",28440,63.62,NA
"950",28470,63.48,0.0522123893805311
"951",28500,63.18,NA
"952",28530,63.01,0.052920353982301
"953",28560,62.89,NA
"954",28590,62.71,0.0518584070796454
"955",28620,62.74,NA
"956",28650,62.99,0.0534513274336279
"957",28680,62.94,0.052566371681416
"958",28710,63.13,NA
"959",28740,63.49,NA
"960",28770,63.91,0.0541592920353978
"961",28800,64.31,NA
"962",28830,64.52,0.0435398230088495
"963",28860,65.16,0.0536283185840708
"964",28890,65.58,NA
"965",28920,66.16,0.0499115044247788
"966",28950,66.7,0.0518584070796454
"967",28980,67.23,NA
"968",29010,67.72,0.0541592920353978
"969",29040,68.03,NA
"970",29070,68.62,NA
"971",29100,69.03,0.0518584070796454
"972",29130,69.57,0.0538053097345129
"973",29160,70.06,NA
"974",29190,70.29,NA
"975",29220,70.56,0.0538053097345129
"976",29250,70.61,NA
"977",29280,70.85,0.0541592920353978
"978",29310,71.21,NA
"979",29340,71.12,0.0543362831858406
"980",29370,71.19,0.0513274336283184
"981",29400,71.29,NA
"982",29430,71.21,0.0515044247787605
"983",29460,70.91,0.0552212389380525
"984",29490,70.67,0.0504424778761057
"985",29520,70.5,NA
"986",29550,70.6,NA
"987",29580,70.47,0.0546902654867255
"988",29610,70.32,NA
"989",29640,70.34,0.0561061946902652
"990",29670,70.31,0.0538053097345129
"991",29700,70.2,0.0502654867256637
"992",29730,69.93,NA
"993",29760,69.95,NA
"994",29790,69.96,0.052566371681416
"995",29820,69.87,0.0541592920353978
"996",29850,69.97,0.0504424778761057
"997",29880,69.9,NA
"998",29910,69.85,0.0515044247787605
"999",29940,69.75,0.0522123893805311
"1000",29970,69.93,NA
"1001",30000,69.97,NA
"1002",30030,70.05,0.0534513274336279
"1003",30060,69.93,0.0532743362831859
"1004",30090,69.84,0.0532743362831859
"1005",30120,69.91,0.0483185840707963
"1006",30150,70.07,NA
"1007",30180,70.12,NA
"1008",30210,70.02,0.052566371681416
"1009",30240,69.78,0.0534513274336279
"1010",30270,69.98,NA
"1011",30300,70.03,0.0481415929203534
"1012",30330,70.16,NA
"1013",30360,70.08,NA
"1014",30390,70.26,0.052920353982301
"1015",30420,70.05,0.0527433628318581
"1016",30450,69.99,NA
"1017",30480,69.78,0.0472566371681415
"1018",30510,69.73,0.0532743362831859
"1019",30540,69.79,0.0490265486725661
"1020",30570,69.74,0.048849557522124
"1021",30600,69.9,NA
"1022",30630,70,0.0522123893805311
"1023",30660,70.04,NA
"1024",30690,70.02,0.0518584070796454
"1025",30720,69.93,0.0550442477876105
"1026",30750,70.08,NA
"1027",30780,70.14,NA
"1028",30810,70.21,0.0534513274336279
"1029",30840,70.09,NA
"1030",30870,70.05,0.0515044247787605
"1031",30900,70.05,0.0527433628318581
"1032",30930,70.1,0.0536283185840708
"1033",30960,69.96,NA
"1034",30990,69.88,0.0474336283185836
"1035",31020,69.88,0.052566371681416
"1036",31050,70.02,NA
"1037",31080,70.03,NA
"1038",31110,70.1,0.0502654867256637
"1039",31140,70.23,NA
"1040",31170,70.23,0.0522123893805311
"1041",31200,70.13,NA
"1042",31230,69.87,0.0499115044247788
"1043",31260,70,0.0511504424778756
"1044",31290,70.1,0.0504424778761057
"1045",31320,70.23,0.0541592920353978
"1046",31350,70.33,0.0506194690265486
"1047",31380,70.45,NA
"1048",31410,70.69,0.052566371681416
"1049",31440,70.74,NA
"1050",31470,71.17,0.0516814159292034
"1051",31500,71.44,0.0495575221238939
"1052",31530,71.76,NA
"1053",31560,72.22,NA
"1054",31590,72.64,NA
"1055",31620,72.99,NA
"1056",31650,73.29,0.0520353982300883
"1057",31680,73.63,0.0516814159292034
"1058",31710,74.15,0.0513274336283184
"1059",31740,74.67,0.0474336283185836
"1060",31770,75.17,0.0523893805309732
"1061",31800,75.52,0.0516814159292034
"1062",31830,76.07,0.0538053097345129
"1063",31860,76.32,0.0520353982300883
"1064",31890,76.52,NA
"1065",31920,76.74,NA
"1066",31950,77.21,0.0515044247787605
"1067",31980,77.63,0.053097345132743
"1068",32010,78.15,0.0499115044247788
"1069",32040,78.42,0.0520353982300883
"1070",32070,79.04,0.056637168141593
"1071",32100,79.46,NA
"1072",32130,79.71,0.0515044247787605
"1073",32160,79.87,0.0522123893805311
"1074",32190,80.26,0.0545132743362827
"1075",32220,80.43,0.056814159292035
"1076",32250,80.62,0.0520353982300883
"1077",32280,80.64,NA
"1078",32310,80.61,NA
"1079",32340,80.7,0.0561061946902652
"1080",32370,80.79,NA
"1081",32400,80.66,0.053097345132743
"1082",32430,80.73,0.0536283185840708
"1083",32460,80.71,0.0545132743362827
"1084",32490,80.53,0.0550442477876105
"1085",32520,80.68,0.0555752212389382
"1086",32550,80.63,0.0511504424778756
"1087",32580,80.61,0.0561061946902652
"1088",32610,80.48,0.0552212389380525
"1089",32640,80.39,0.0511504424778756
"1090",32670,80.32,NA
"1091",32700,80.21,NA
"1092",32730,80.1,0.0483185840707963
"1093",32760,80.08,NA
"1094",32790,80.04,0.0536283185840708
"1095",32820,79.72,0.0523893805309732
"1096",32850,79.5,NA
"1097",32880,79.4,NA
"1098",32910,79.59,NA
"1099",32940,79.72,0.0546902654867255
"1100",32970,79.48,0.0557522123893803
"1101",33000,79.43,0.0532743362831859
"1102",33030,79.47,0.0539823008849557
"1103",33060,79.54,0.0539823008849557
"1104",33090,79.59,0.052920353982301
"1105",33120,79.87,NA
"1106",33150,79.86,NA
"1107",33180,79.82,0.0536283185840708
"1108",33210,79.86,NA
"1109",33240,80.03,0.0543362831858406
"1110",33270,79.97,0.0543362831858406
"1111",33300,80.05,0.0553982300884954
"1112",33330,80.01,0.0515044247787605
"1113",33360,79.99,NA
"1114",33390,80.05,0.0515044247787605
"1115",33420,80.06,0.056637168141593
"1116",33450,80.26,NA
"1117",33480,80.31,0.0548672566371676
"1118",33510,80.42,NA
"1119",33540,80.24,0.0553982300884954
"1120",33570,80.22,0.0561061946902652
"1121",33600,80.08,NA
"1122",33630,80.2,NA
"1123",33660,79.98,0.0534513274336279
"1124",33690,80.13,0.0546902654867255
"1125",33720,80.06,0.0559292035398231
"1126",33750,79.97,0.052920353982301
"1127",33780,79.94,0.0507964601769907
"1128",33810,79.94,0.0523893805309732
"1129",33840,79.99,0.0522123893805311
"1130",33870,80.14,0.0534513274336279
"1131",33900,80.03,NA
"1132",33930,79.94,NA
"1133",33960,79.87,NA
"1134",33990,79.91,NA
"1135",34020,79.89,0.0532743362831859
"1136",34050,79.98,0.0553982300884954
"1137",34080,80.01,0.0520353982300883
"1138",34110,80.15,0.0523893805309732
"1139",34140,80.1,NA
"1140",34170,79.9,NA
"1141",34200,79.86,NA
"1142",34230,79.94,0.0548672566371676
"1143",34260,79.81,0.0516814159292034
"1144",34290,79.96,NA
"1145",34320,80.05,NA
"1146",34350,80.32,0.0520353982300883
"1147",34380,80.24,NA
"1148",34410,80.57,0.053097345132743
"1149",34440,80.87,0.0564601769911501
"1150",34470,81.2,0.052566371681416
"1151",34500,81.62,0.052566371681416
"1152",34530,81.84,0.052566371681416
"1153",34560,82.26,0.0546902654867255
"1154",34590,82.43,NA
"1155",34620,83.12,0.0472566371681415
"1156",34650,83.38,0.0548672566371676
"1157",34680,83.76,NA
"1158",34710,84.16,0.0555752212389382
"1159",34740,84.65,0.0520353982300883
"1160",34770,84.99,NA
"1161",34800,85.47,0.0539823008849557
"1162",34830,85.8,0.0585840707964596
"1163",34860,86.21,NA
"1164",34890,86.38,NA
"1165",34920,86.67,NA
"1166",34950,87.13,0.0564601769911501
"1167",34980,87.44,0.0548672566371676
"1168",35010,88.01,NA
"1169",35040,88.29,NA
"1170",35070,88.52,NA
"1171",35100,88.86,0.0543362831858406
"1172",35130,89.2,0.0582300884955747
"1173",35160,89.71,NA
"1174",35190,89.97,NA
"1175",35220,90.38,NA
"1176",35250,90.49,NA
"1177",35280,90.65,0.0587610619469025
"1178",35310,90.66,0.0559292035398231
"1179",35340,90.68,NA
"1180",35370,90.78,0.0539823008849557
"1181",35400,90.76,0.0539823008849557
"1182",35430,90.9,NA
"1183",35460,90.86,0.0594690265486723
"1184",35490,90.68,0.0580530973451326
"1185",35520,90.71,0.0541592920353978
"1186",35550,90.66,NA
"1187",35580,90.59,0.0553982300884954
"1188",35610,90.23,NA
"1189",35640,90.09,NA
"1190",35670,90.02,NA
"1191",35700,90.04,NA
"1192",35730,89.9,0.0562831858407081
"1193",35760,89.73,NA
"1194",35790,89.73,NA
"1195",35820,89.57,NA
"1196",35850,89.64,0.056814159292035
"1197",35880,89.71,0.0573451327433628
"1198",35910,89.75,0.0559292035398231
"1199",35940,89.92,0.0573451327433628
"1200",35970,89.92,0.0600000000000001
"1201",36000,90.07,0.056637168141593
"1202",36030,90.2,0.0536283185840708
"1203",36060,90.37,0.0557522123893803
"1204",36090,90.27,0.0575221238938049
"1205",36120,90.11,NA
"1206",36150,90.08,0.0545132743362827
"1207",36180,89.95,0.0592920353982302
"1208",36210,90.04,0.056814159292035
"1209",36240,90.02,0.0536283185840708
"1210",36270,89.95,0.0569911504424779
"1211",36300,90.03,0.0607079646017699
"1212",36330,89.92,NA
"1213",36360,89.95,0.0569911504424779
"1214",36390,89.93,0.0555752212389382
"1215",36420,89.94,NA
"1216",36450,89.99,NA
"1217",36480,89.92,0.0580530973451326
"1218",36510,89.9,0.0607079646017699
"1219",36540,90.03,0.0582300884955747
"1220",36570,89.92,NA
"1221",36600,90.14,NA
"1222",36630,90.04,0.0582300884955747
"1223",36660,90.12,0.0580530973451326
"1224",36690,90.14,0.0591150442477874
"1225",36720,89.94,0.0592920353982302
"1226",36750,89.97,0.0582300884955747
"1227",36780,90.06,0.0569911504424779
"1228",36810,89.84,0.0585840707964596
"1229",36840,89.91,0.0569911504424779
"1230",36870,89.91,0.0576991150442477
"1231",36900,89.95,0.0575221238938049
"1232",36930,90.1,NA
"1233",36960,90.18,NA
"1234",36990,90.2,NA
"1235",37020,90.04,0.0584070796460176
"1236",37050,89.93,0.0561061946902652
"1237",37080,90.02,NA
"1238",37110,90.17,0.056637168141593
"1239",37140,90.06,0.0600000000000001
"1240",37170,90.16,0.0557522123893803
"1241",37200,90.16,NA
"1242",37230,90.25,NA
"1243",37260,90.28,0.0594690265486723
"1244",37290,90.15,NA
"1245",37320,90.07,0.0585840707964596
"1246",37350,89.95,NA
"1247",37380,90.01,NA
"1248",37410,90.2,0.0600000000000001
"1249",37440,90.09,0.05716814159292
"1250",37470,89.88,0.0569911504424779
"1251",37500,89.83,0.0569911504424779
"1252",37530,89.93,0.0582300884955747
"1253",37560,89.82,NA
"1254",37590,89.9,NA
"1255",37620,89.92,NA
"1256",37650,89.99,NA
"1257",37680,89.87,NA
"1258",37710,90.05,NA
"1259",37740,90.24,NA
"1260",37770,90.28,0.0619469026548667
"1261",37800,90.56,0.0596460176991152
"1262",37830,90.74,0.0594690265486723
"1263",37860,90.94,0.0585840707964596
"1264",37890,91.08,0.0555752212389382
"1265",37920,91.32,0.0573451327433628
"1266",37950,91.63,NA
"1267",37980,91.91,0.0538053097345129
"1268",38010,91.99,NA
"1269",38040,92.37,0.0601769911504421
"1270",38070,92.67,0.0575221238938049
"1271",38100,92.86,0.0598230088495572
"1272",38130,93.07,0.0564601769911501
"1273",38160,93.12,NA
"1274",38190,93.44,NA
"1275",38220,93.53,NA
"1276",38250,93.68,NA
"1277",38280,93.62,NA
"1278",38310,93.71,NA
"1279",38340,94.08,0.0594690265486723
"1280",38370,94.41,0.0591150442477874
"1281",38400,94.56,0.056637168141593
"1282",38430,94.51,NA
"1283",38460,94.65,NA
"1284",38490,94.9,0.060353982300885
"1285",38520,95.1,0.0596460176991152
"1286",38550,95.21,0.0614159292035397
"1287",38580,95.12,0.0605309734513271
"1288",38610,95.17,NA
"1289",38640,95.1,NA
"1290",38670,95.12,NA
"1291",38700,95.24,0.060353982300885
"1292",38730,95.27,0.0612389380530969
"1293",38760,95.33,0.0623008849557516
"1294",38790,95.21,0.0628318584070794
"1295",38820,95.1,0.060884955752212
"1296",38850,95.15,NA
"1297",38880,95.13,NA
"1298",38910,95.26,0.060884955752212
"1299",38940,95.22,0.0552212389380525
"1300",38970,95.24,0.0584070796460176
"1301",39000,95.19,NA
"1302",39030,95.1,0.0600000000000001
"1303",39060,95.19,0.0605309734513271
"1304",39090,95.05,0.060353982300885
"1305",39120,95.11,0.0573451327433628
"1306",39150,95.01,0.0585840707964596
"1307",39180,95.03,0.0621238938053096
"1308",39210,95.1,0.0619469026548667
"1309",39240,95.09,NA
"1310",39270,95.11,0.060353982300885
"1311",39300,95.19,0.0576991150442477
"1312",39330,95.14,NA
"1313",39360,94.94,0.0630088495575223
"1314",39390,95.01,NA
"1315",39420,95.01,NA
"1316",39450,95.05,NA
"1317",39480,95.08,0.0569911504424779
"1318",39510,95.15,0.0610619469026548
"1319",39540,95.16,NA
"1320",39570,95.17,NA
"1321",39600,95.13,0.0637168141592921
"1322",39630,95.1,0.0617699115044247
"1323",39660,94.84,NA
"1324",39690,94.72,0.0607079646017699
"1325",39720,94.77,0.0630088495575223
"1326",39750,94.72,0.0638938053097342
"1327",39780,94.87,NA
"1328",39810,94.96,NA
"1329",39840,94.84,0.0624778761061945
"1330",39870,94.91,NA
"1331",39900,94.92,0.0624778761061945
"1332",39930,95.02,0.0619469026548667
"1333",39960,95.17,0.0545132743362827
"1334",39990,95.14,0.0619469026548667
"1335",40020,95.08,NA
"1336",40050,95.01,0.0617699115044247
"1337",40080,94.91,0.0592920353982302
"1338",40110,94.93,0.0617699115044247
"1339",40140,94.99,0.0585840707964596
"1340",40170,94.89,0.0623008849557516
"1341",40200,94.94,0.0580530973451326
"1342",40230,94.98,0.0633628318584072
"1343",40260,94.98,NA
"1344",40290,95.04,NA
"1345",40320,95.08,NA
"1346",40350,95.03,0.0617699115044247
"1347",40380,95,0.0619469026548667
"1348",40410,95.06,NA
"1349",40440,95.13,0.0624778761061945
"1350",40470,95.17,0.0601769911504421
"1351",40500,95.27,NA
"1352",40530,95.4,NA
"1353",40560,95.27,0.0635398230088492
"1354",40590,95.12,NA
"1355",40620,95.06,NA
"1356",40650,94.96,NA
"1357",40680,94.93,NA
"1358",40710,94.95,NA
"1359",40740,95,0.0647787610619469
"1360",40770,95.1,0.0647787610619469
"1361",40800,95.02,0.0630088495575223
