"","time_s","hpv","value","uptake","uptake1"
"1",0,100,3.3556,0.514334535788874,0.585685884691849
"2",30,100,3.3577,0.518321625213594,0.58986083499006
"3",60,99.76,NA,NA,NA
"4",90,97.05,3.3609,0.524397190051263,0.596222664015905
"5",120,83.09,3.3593,0.521359407632429,0.593041749502983
"6",150,72.53,3.3571,0.517182456806532,0.588667992047714
"7",180,65.29,3.3548,0.512815644579457,0.584095427435388
"8",210,59.79,NA,NA,NA
"9",240,55.98,3.3518,0.507119802544143,0.578131212723658
"10",270,53.01,3.3468,0.497626732485286,0.568190854870776
"11",300,50.61,3.3442,0.49269033605468,0.563021868787276
"12",330,48.61,NA,NA,NA
"13",360,47.06,NA,NA,NA
"14",390,45.69,3.3324,0.470286690715778,0.539562624254473
"15",420,44.55,3.3286,0.463071957471046,0.532007952286282
"16",450,43.6,3.3279,0.461742927662807,0.530616302186879
"17",480,42.7,NA,NA,NA
"18",510,41.89,NA,NA,NA
"19",540,41.18,3.3166,0.44028858932979,0.508151093439365
"20",570,40.57,3.3152,0.43763052971331,0.505367793240557
"21",600,40.01,3.3132,0.433833301689767,0.501391650099404
"22",630,39.51,NA,NA,NA
"23",660,39,NA,NA,NA
"24",690,38.53,3.3022,0.412948547560281,0.479522862823062
"25",720,38.08,3.2997,0.408202012530853,0.474552683896621
"26",750,37.65,3.2989,0.406683121321436,0.47296222664016
"27",780,37.22,NA,NA,NA
"28",810,36.82,NA,NA,NA
"29",840,36.42,3.2915,0.392633377634328,0.458250497017893
"30",870,35.98,3.2889,0.387696981203722,0.453081510934394
"31",900,35.6,3.2841,0.378583633947219,0.443538767395627
"32",930,35.27,NA,NA,NA
"33",960,34.92,NA,NA,NA
"34",990,34.56,3.2804,0.371558762103665,0.436182902584494
"35",1020,34.2,3.279,0.368900702487185,0.433399602385686
"36",1050,33.85,3.2767,0.36453389026011,0.42882703777336
"37",1080,33.55,NA,NA,NA
"38",1110,33.26,NA,NA,NA
"39",1140,32.98,3.2694,0.350674007974179,0.414314115308152
"40",1170,32.73,3.2694,0.350674007974179,0.414314115308152
"41",1200,32.45,3.2689,0.349724700968293,0.413320079522863
"42",1230,32.19,NA,NA,NA
"43",1260,31.95,NA,NA,NA
"44",1290,31.69,3.2649,0.342130244921208,0.405367793240557
"45",1320,31.42,3.262,0.336624264287071,0.399602385685885
"46",1350,31.18,3.2627,0.337953294095311,0.400994035785289
"47",1380,30.93,NA,NA,NA
"48",1410,30.71,NA,NA,NA
"49",1440,30.48,3.2598,0.332447313461173,0.395228628230616
"50",1470,30.31,3.2594,0.331687867856465,0.394433399602386
"51",1500,30.14,3.2578,0.328650085437631,0.391252485089464
"52",1530,29.93,NA,NA,NA
"53",1560,29.71,3.257,0.327131194228214,0.389662027833003
"54",1590,29.52,3.2551,0.323523827605848,0.385884691848907
"55",1620,29.14,3.2558,0.324852857414088,0.38727634194831
"56",1650,28.53,3.2526,0.31877729257642,0.380914512922466
"57",1680,28.09,NA,NA,NA
"58",1710,27.73,3.2514,0.316498955762294,0.378528827037773
"59",1740,27.28,3.2502,0.314220618948168,0.376143141153082
"60",1770,26.63,3.2512,0.316119232959939,0.378131212723658
"61",1800,26.23,3.2518,0.317258401367002,0.379324055666004
"62",1830,25.82,NA,NA,NA
"63",1860,25.45,3.2487,0.311372697930511,0.373161033797217
"64",1890,24.88,3.2459,0.306056578697551,0.367594433399602
"65",1920,24.47,3.2483,0.310613252325803,0.372365805168986
"66",1950,24.12,3.2469,0.307955192709323,0.369582504970179
"67",1980,23.78,NA,NA,NA
"68",2010,23.19,3.2456,0.30548699449402,0.36699801192843
"69",2040,22.68,3.2399,0.294664894626923,0.355666003976143
"70",2070,22.35,3.2452,0.304727548889311,0.366202783300199
"71",2100,22.05,3.2408,0.296373647237517,0.357455268389663
"72",2130,21.53,NA,NA,NA
"73",2160,21.12,3.2396,0.294095310423391,0.35506958250497
"74",2190,20.75,3.2386,0.29219669641162,0.353081510934394
"75",2220,20.51,3.2372,0.28953863679514,0.350298210735587
"76",2250,20.01,3.2353,0.285931270172774,0.346520874751492
"77",2280,19.64,NA,NA,NA
"78",2310,19.33,3.2353,0.285931270172774,0.346520874751492
"79",2340,19.06,3.2335,0.282513764951585,0.342942345924453
"80",2370,18.65,3.2331,0.281754319346877,0.342147117296223
"81",2400,18.28,3.232,0.279665843933929,0.339960238568589
"82",2430,18.03,NA,NA,NA
"83",2460,17.81,3.2287,0.273400417695083,0.333399602385686
"84",2490,17.41,3.2281,0.27226124928802,0.33220675944334
"85",2520,17.01,3.2272,0.270552496677426,0.330417495029821
"86",2550,16.76,3.225,0.266375545851529,0.326043737574553
"87",2580,16.52,NA,NA,NA
"88",2610,16.27,3.223,0.262578317827986,0.3220675944334
"89",2640,15.98,3.2216,0.259920258211506,0.319284294234593
"90",2670,15.74,3.2182,0.253464970571483,0.312524850894632
"91",2700,15.54,3.2205,0.257831782798557,0.317097415506958
"92",2730,15.3,NA,NA,NA
"93",2760,15.02,3.2169,0.25099677235618,0.309940357852883
"94",2790,14.8,3.2159,0.249098158344409,0.307952286282306
"95",2820,14.65,3.213,0.243592177710272,0.302186878727635
"96",2850,14.46,3.2123,0.242263147902032,0.300795228628231
"97",2880,14.19,NA,NA,NA
"98",2910,13.98,3.2097,0.237326751471427,0.295626242544732
"99",2940,13.82,3.208,0.234099107651415,0.292246520874752
"100",2970,13.67,3.2093,0.236567305866717,0.294831013916501
"101",3000,13.45,3.2075,0.233149800645529,0.291252485089464
"102",3030,13.3,NA,NA,NA
"103",3060,13.17,3.2022,0.223087146383141,0.280715705765408
"104",3090,13.05,3.2015,0.2217581165749,0.279324055666004
"105",3120,12.96,3.2019,0.22251756217961,0.280119284294235
"106",3150,12.88,3.1984,0.215872413138409,0.273161033797217
"107",3180,12.78,NA,NA,NA
"108",3210,12.71,3.1943,0.208088095690147,0.265009940357853
"109",3240,12.66,3.1934,0.206379343079552,0.263220675944334
"110",3270,12.61,3.1944,0.208277957091324,0.265208747514911
"111",3300,12.56,NA,NA,NA
"112",3330,12.52,NA,NA,NA
"113",3360,12.47,3.1887,0.197455857224227,0.253876739562624
"114",3390,12.41,3.1888,0.197645718625404,0.254075546719682
"115",3420,12.35,3.1862,0.192709322194798,0.248906560636183
"116",3450,12.31,3.1843,0.189101955572432,0.245129224652088
"117",3480,12.28,NA,NA,NA
"118",3510,12.24,3.18,0.180937915321816,0.236580516898609
"119",3540,12.2,3.1803,0.181507499525347,0.237176938369781
"120",3570,12.14,3.1803,0.181507499525347,0.237176938369781
"121",3600,12.1,NA,NA,NA
"122",3630,12.05,NA,NA,NA
"123",3660,12.01,3.1747,0.170875261059427,0.226043737574553
"124",3690,11.98,3.1757,0.172773875071198,0.228031809145129
"125",3720,11.94,3.1713,0.164419973419404,0.219284294234593
"126",3750,11.93,NA,NA,NA
"127",3780,11.88,NA,NA,NA
"128",3810,11.84,3.1687,0.159483576988798,0.214115308151093
"129",3840,11.8,3.1663,0.154926903360547,0.20934393638171
"130",3870,11.76,3.1685,0.159103854186444,0.213717693836978
"131",3900,11.73,NA,NA,NA
"132",3930,11.72,NA,NA,NA
"133",3960,11.68,3.1634,0.149420922726411,0.203578528827039
"134",3990,11.64,3.1606,0.14410480349345,0.198011928429424
"135",4020,11.62,3.1608,0.144484526295805,0.198409542743539
"136",4050,11.59,NA,NA,NA
"137",4080,11.55,NA,NA,NA
"138",4110,11.52,3.1564,0.13613062464401,0.189662027833003
"139",4140,11.48,3.1548,0.133092842225176,0.18648111332008
"140",4170,11.46,3.1498,0.123599772166319,0.176540755467197
"141",4200,11.45,NA,NA,NA
"142",4230,11.41,NA,NA,NA
"143",4260,11.38,3.15,0.123979494968673,0.176938369781312
"144",4290,11.36,3.1488,0.121701158154548,0.174552683896621
"145",4320,11.34,3.1482,0.120561989747485,0.173359840954275
"146",4350,11.31,NA,NA,NA
"147",4380,11.26,NA,NA,NA
"148",4410,11.25,3.146,0.116385038921588,0.168986083499006
"149",4440,11.21,3.1429,0.110499335485096,0.162823061630219
"150",4470,11.18,3.1442,0.112967533700399,0.165407554671969
"151",4500,11.17,NA,NA,NA
"152",4530,11.14,3.1412,0.107271691665085,0.159443339960239
"153",4560,11.12,3.1393,0.103664325042719,0.155666003976143
"154",4590,11.09,3.1397,0.104423770647428,0.156461232604374
"155",4620,11.07,3.1379,0.10100626542624,0.152882703777337
"156",4650,11.04,NA,NA,NA
"157",4680,11,3.1332,0.0920827795709136,0.143538767395627
"158",4710,11,3.1349,0.0953104233909251,0.146918489065607
"159",4740,10.97,3.1325,0.0907537497626734,0.142147117296223
"160",4770,10.94,3.1318,0.089424719954434,0.14075546719682
"161",4800,10.93,NA,NA,NA
"162",4830,10.9,3.1303,0.0865767989367767,0.137773359840955
"163",4860,10.88,3.1301,0.0861970761344225,0.13737574552684
"164",4890,10.86,3.1261,0.0786026200873369,0.129423459244533
"165",4920,10.85,3.1271,0.0805012340991081,0.13141153081511
"166",4950,10.82,NA,NA,NA
"167",4980,10.78,3.1237,0.0740459464590851,0.124652087475149
"168",5010,10.79,3.1237,0.0740459464590851,0.124652087475149
"169",5040,10.75,3.1219,0.070628441237897,0.121073558648112
"170",5070,10.73,3.1234,0.0734763622555542,0.124055666003977
"171",5100,10.71,NA,NA,NA
"172",5130,10.7,3.1226,0.0719574710461364,0.122465208747515
"173",5160,10.65,3.1183,0.0637934307955198,0.113916500994036
"174",5190,10.65,3.1213,0.0694892728308343,0.119880715705766
"175",5220,10.6,3.1205,0.0679703816214165,0.118290258449304
"176",5250,10.57,NA,NA,NA
"177",5280,10.57,3.1175,0.0622745395861029,0.112326043737575
"178",5310,10.57,3.1143,0.0561989747484342,0.10596421471173
"179",5340,10.56,3.1157,0.0588570343649139,0.108747514910537
"180",5370,10.54,3.115,0.0575280045566745,0.107355864811134
"181",5400,10.53,NA,NA,NA
"182",5430,10.49,3.1125,0.0527814695272452,0.102385685884692
"183",5460,10.48,3.1139,0.0554395291437257,0.1051689860835
"184",5490,10.47,3.1135,0.0546800835390172,0.104373757455269
"185",5520,10.44,3.1111,0.0501234099107655,0.099602385685885
"186",5550,10.44,NA,NA,NA
"187",5580,10.42,3.1101,0.0482247958989943,0.0976143141153087
"188",5610,10.4,3.1098,0.0476552116954626,0.0970178926441353
"189",5640,10.39,3.1095,0.0470856274919316,0.0964214711729629
"190",5670,10.38,3.1086,0.0453768748813371,0.0946322067594437
"191",5700,10.37,NA,NA,NA
"192",5730,10.35,3.107,0.0423390924625032,0.0914512922465216
"193",5760,10.32,3.1049,0.0383520030377833,0.0872763419483109
"194",5790,10.33,3.1078,0.0438579836719202,0.0930417495029827
"195",5820,10.32,3.1078,0.0438579836719202,0.0930417495029827
"196",5850,10.29,NA,NA,NA
"197",5880,10.26,3.1045,0.0375925574330739,0.0864811133200795
"198",5910,10.25,3.1041,0.0368331118283655,0.085685884691849
"199",5940,10.22,3.1011,0.0311372697930519,0.07972166998012
"200",5970,10.21,3.1034,0.035504082020126,0.084294234592446
"201",6000,10.21,NA,NA,NA
"202",6030,10.18,3.1036,0.0358838048224803,0.0846918489065612
"203",6060,10.16,3.1018,0.0324662996012913,0.081113320079523
"204",6090,10.15,3.1001,0.0292386557812798,0.0777335984095428
"205",6120,10.14,3.1013,0.0315169925954061,0.0801192842942353
"206",6150,10.14,NA,NA,NA
"207",6180,10.12,3.0995,0.0280994873742171,0.076540755467197
"208",6210,10.1,3.0994,0.0279096259730404,0.0763419483101398
"209",6240,10.08,3.1,0.0290487943801031,0.0775347912524856
"210",6270,10.08,NA,NA,NA
"211",6300,10.07,NA,NA,NA
"212",6330,10.05,3.0987,0.0265805961648001,0.0749502982107359
"213",6360,10.05,3.0983,0.0258211505600917,0.0741550695825054
"214",6390,10.04,3.0985,0.0262008733624459,0.0745526838966207
"215",6420,10.03,3.099,0.0271501803683319,0.0755467196819093
"216",6450,10.03,NA,NA,NA
"217",6480,10.01,3.0971,0.0235428137459662,0.0717693836978138
"218",6510,10,3.0974,0.0241123979494972,0.0723658051689863
"219",6540,9.98,3.0959,0.0212644769318399,0.0693836978131214
"220",6570,9.96,NA,NA,NA
"221",6600,9.96,NA,NA,NA
"222",6630,9.96,3.0987,0.0265805961648001,0.0749502982107359
"223",6660,9.96,3.0955,0.0205050313271315,0.0685884691848908
"224",6690,9.93,3.0966,0.0225935067400802,0.0707753479125252
"225",6720,9.94,NA,NA,NA
"226",6750,9.93,NA,NA,NA
"227",6780,9.89,3.0946,0.018796278716537,0.0667992047713717
"228",6810,9.91,3.0947,0.0189861401177145,0.0669980119284298
"229",6840,9.91,3.0936,0.0168976647047658,0.0648111332007954
"230",6870,9.89,NA,NA,NA
"231",6900,9.87,NA,NA,NA
"232",6930,9.87,3.0945,0.0186064173153603,0.0666003976143145
"233",6960,9.85,3.0944,0.0184165559141827,0.0664015904572564
"234",6990,9.84,3.0937,0.0170875261059433,0.0650099403578534
"235",7020,9.83,NA,NA,NA
"236",7050,9.84,NA,NA,NA
"237",7080,9.82,3.0929,0.0155686348965264,0.0634194831013924
"238",7110,9.82,3.0915,0.0129105752800458,0.0606361829025847
"239",7140,9.81,3.0901,0.0102525156635662,0.0578528827037778
"240",7170,9.8,NA,NA,NA
"241",7200,9.79,NA,NA,NA
"242",7230,9.77,3.0931,0.0159483576988806,0.0638170974155077
"243",7260,9.77,3.093,0.0157584962977031,0.0636182902584496
"244",7290,9.77,3.088,0.00626542623884622,0.0536779324055671
"245",7320,9.76,NA,NA,NA
"246",7350,9.73,NA,NA,NA
"247",7380,9.72,3.0901,0.0102525156635662,0.0578528827037778
"248",7410,9.72,3.0904,0.0108220998670971,0.0584493041749503
"249",7440,9.71,3.0904,0.0108220998670971,0.0584493041749503
"250",7470,9.69,NA,NA,NA
"251",7500,9.69,3.088,0.00626542623884622,0.0536779324055671
"252",7530,9.68,3.0895,0.00911334725650344,0.056660039761432
"253",7560,9.67,3.09,0.0100626542623886,0.0576540755467197
"254",7590,9.67,3.092,0.0138598822859319,0.0616302186878733
"255",7620,9.65,NA,NA,NA
"256",7650,9.65,3.0891,0.00835390165179496,0.0558648111332015
"257",7680,9.64,3.0905,0.0110119612682746,0.0586481113320083
"258",7710,9.63,3.09,0.0100626542623886,0.0576540755467197
"259",7740,9.62,3.0895,0.00911334725650344,0.056660039761432
"260",7770,9.62,NA,NA,NA
"261",7800,9.62,3.0889,0.00797417884944072,0.0554671968190862
"262",7830,9.61,3.0911,0.0121511296753374,0.0598409542743541
"263",7860,9.6,3.0894,0.0089234858553259,0.0564612326043739
"264",7890,9.59,3.0894,0.0089234858553259,0.0564612326043739
"265",7920,9.59,NA,NA,NA
"266",7950,9.57,3.0901,0.0102525156635662,0.0578528827037778
"267",7980,9.59,3.0892,0.00854376305297166,0.0560636182902587
"268",8010,9.57,3.0904,0.0108220998670971,0.0584493041749503
"269",8040,9.54,3.0902,0.0104423770647429,0.058051689860835
"270",8070,9.53,NA,NA,NA
"271",8100,9.53,3.0895,0.00911334725650344,0.056660039761432
"272",8130,9.53,3.0877,0.00569584203531444,0.0530815109343937
"273",8160,9.52,3.09,0.0100626542623886,0.0576540755467197
"274",8190,9.5,3.0883,0.00683501044237716,0.0542743538767395
"275",8220,9.49,NA,NA,NA
"276",8250,9.5,3.0906,0.0112018226694513,0.0588469184890655
"277",8280,9.48,3.089,0.00816404025061742,0.0556660039761434
"278",8310,9.48,3.088,0.00626542623884622,0.0536779324055671
"279",8340,9.49,3.0899,0.00987279286121192,0.0574552683896625
"280",8370,9.49,NA,NA,NA
"281",8400,9.51,3.0906,0.0112018226694513,0.0588469184890655
"282",8430,9.52,3.0895,0.00911334725650344,0.056660039761432
"283",8460,9.54,3.0906,0.0112018226694513,0.0588469184890655
"284",8490,9.54,3.0895,0.00911334725650344,0.056660039761432
"285",8520,9.54,NA,NA,NA
"286",8550,9.54,3.089,0.00816404025061742,0.0556660039761434
"287",8580,9.55,3.09,0.0100626542623886,0.0576540755467197
"288",8610,9.55,3.09,0.0100626542623886,0.0576540755467197
"289",8640,9.55,3.0898,0.00968293146003437,0.0572564612326045
"290",8670,9.55,NA,NA,NA
"291",8700,9.53,3.0921,0.0140497436871086,0.0618290258449304
"292",8730,9.52,3.0884,0.0070248718435547,0.0544731610337976
"293",8760,9.51,3.0913,0.0125308524776916,0.0602385685884694
"294",8790,9.5,3.0902,0.0104423770647429,0.058051689860835
"295",8820,9.5,NA,NA,NA
"296",8850,9.5,3.0894,0.0089234858553259,0.0564612326043739
"297",8880,9.5,3.0903,0.0106322384659204,0.0582504970178931
"298",8910,9.5,3.0898,0.00968293146003437,0.0572564612326045
"299",8940,9.48,3.0896,0.00930320865768013,0.0568588469184892
"300",8970,9.46,NA,NA,NA
"301",9000,9.46,3.0888,0.00778431744826318,0.0552683896620281
"302",9030,9.47,3.09,0.0100626542623886,0.0576540755467197
"303",9060,9.5,3.0911,0.0121511296753374,0.0598409542743541
"304",9090,9.54,3.0875,0.0053161192329602,0.0526838966202785
"305",9120,9.57,NA,NA,NA
"306",9150,9.57,3.0889,0.00797417884944072,0.0554671968190862
"307",9180,9.55,3.0901,0.0102525156635662,0.0578528827037778
"308",9210,9.55,3.0893,0.0087336244541492,0.0562624254473168
"309",9240,9.53,3.0892,0.00854376305297166,0.0560636182902587
"310",9270,9.52,NA,NA,NA
"311",9300,9.51,3.0889,0.00797417884944072,0.0554671968190862
"312",9330,9.49,3.0866,0.0036073666223657,0.0508946322067594
"313",9360,9.48,3.0905,0.0110119612682746,0.0586481113320083
"314",9390,9.48,3.088,0.00626542623884622,0.0536779324055671
"315",9420,9.5,NA,NA,NA
"316",9450,9.52,3.0898,0.00968293146003437,0.0572564612326045
"317",9480,9.5,3.0894,0.0089234858553259,0.0564612326043739
"318",9510,9.5,3.0874,0.0051262578317835,0.0524850894632213
"319",9540,9.52,NA,NA,NA
"320",9570,9.54,NA,NA,NA
"321",9600,9.53,3.0889,0.00797417884944072,0.0554671968190862
"322",9630,9.52,3.0912,0.0123409910765149,0.0600397614314122
"323",9660,9.48,3.0916,0.0131004366812234,0.0608349900596427
"324",9690,9.44,NA,NA,NA
"325",9720,9.45,NA,NA,NA
"326",9750,9.48,3.0886,0.00740459464590894,0.0548707753479129
"327",9780,9.52,3.0899,0.00987279286121192,0.0574552683896625
"328",9810,9.53,3.09,0.0100626542623886,0.0576540755467197
"329",9840,9.55,NA,NA,NA
"330",9870,9.55,NA,NA,NA
"331",9900,9.56,3.0899,0.00987279286121192,0.0574552683896625
"332",9930,9.57,3.0884,0.0070248718435547,0.0544731610337976
"333",9960,9.57,3.0889,0.00797417884944072,0.0554671968190862
"334",9990,9.56,NA,NA,NA
"335",10020,9.55,NA,NA,NA
"336",10050,9.55,3.0913,0.0125308524776916,0.0602385685884694
"337",10080,9.55,3.0893,0.0087336244541492,0.0562624254473168
"338",10110,9.54,3.0888,0.00778431744826318,0.0552683896620281
"339",10140,9.52,NA,NA,NA
"340",10170,9.52,NA,NA,NA
"341",10200,9.52,3.0904,0.0108220998670971,0.0584493041749503
"342",10230,9.51,3.0883,0.00683501044237716,0.0542743538767395
"343",10260,9.5,3.0879,0.00607556483766868,0.053479125248509
"344",10290,9.5,NA,NA,NA
"345",10320,9.47,NA,NA,NA
"346",10350,9.47,3.0899,0.00987279286121192,0.0574552683896625
"347",10380,9.47,3.0903,0.0106322384659204,0.0582504970178931
"348",10410,9.49,3.0889,0.00797417884944072,0.0554671968190862
"349",10440,9.49,NA,NA,NA
"350",10470,9.49,NA,NA,NA
"351",10500,9.49,3.0915,0.0129105752800458,0.0606361829025847
"352",10530,9.49,3.0902,0.0104423770647429,0.058051689860835
"353",10560,9.49,3.0895,0.00911334725650344,0.056660039761432
"354",10590,9.5,NA,NA,NA
"355",10620,9.48,3.0907,0.0113916840706289,0.0590457256461236
"356",10650,9.5,3.0908,0.0115815454718064,0.0592445328031817
"357",10680,9.48,3.0898,0.00968293146003437,0.0572564612326045
"358",10710,9.47,3.0911,0.0121511296753374,0.0598409542743541
"359",10740,9.48,NA,NA,NA
"360",10770,9.51,3.0875,0.0053161192329602,0.0526838966202785
"361",10800,9.55,3.0913,0.0125308524776916,0.0602385685884694
"362",10830,9.57,3.0869,0.00417695082589748,0.0514910536779327
"363",10860,9.57,3.0886,0.00740459464590894,0.0548707753479129
"364",10890,9.58,NA,NA,NA
"365",10920,9.57,3.0909,0.0117714068729831,0.0594433399602389
"366",10950,9.58,3.0899,0.00987279286121192,0.0574552683896625
"367",10980,9.57,3.0894,0.0089234858553259,0.0564612326043739
"368",11010,9.57,3.0903,0.0106322384659204,0.0582504970178931
"369",11040,9.55,NA,NA,NA
"370",11070,9.56,3.0871,0.00455667362825172,0.051888667992048
"371",11100,9.55,3.0902,0.0104423770647429,0.058051689860835
"372",11130,9.54,3.0897,0.00949307005885768,0.0570576540755473
"373",11160,9.54,3.0895,0.00911334725650344,0.056660039761432
"374",11190,9.54,NA,NA,NA
"375",11220,9.53,3.088,0.00626542623884622,0.0536779324055671
"376",11250,9.53,3.0916,0.0131004366812234,0.0608349900596427
"377",11280,9.52,3.091,0.0119612682741607,0.0596421471172969
"378",11310,9.5,3.0901,0.0102525156635662,0.0578528827037778
"379",11340,9.49,NA,NA,NA
"380",11370,9.5,3.0902,0.0104423770647429,0.058051689860835
"381",11400,9.49,3.0884,0.0070248718435547,0.0544731610337976
"382",11430,9.47,3.0897,0.00949307005885768,0.0570576540755473
"383",11460,9.47,3.092,0.0138598822859319,0.0616302186878733
"384",11490,9.45,NA,NA,NA
"385",11520,9.48,3.0857,0.00189861401177204,0.0491053677932411
"386",11550,9.5,3.0915,0.0129105752800458,0.0606361829025847
"387",11580,9.52,3.0873,0.00493639643060596,0.0522862823061632
"388",11610,9.52,3.0905,0.0110119612682746,0.0586481113320083
"389",11640,9.52,NA,NA,NA
"390",11670,9.53,3.0903,0.0106322384659204,0.0582504970178931
"391",11700,9.52,3.0877,0.00569584203531444,0.0530815109343937
"392",11730,9.51,3.091,0.0119612682741607,0.0596421471172969
"393",11760,9.51,3.0898,0.00968293146003437,0.0572564612326045
"394",11790,9.48,NA,NA,NA
"395",11820,9.48,3.092,0.0138598822859319,0.0616302186878733
"396",11850,9.48,3.089,0.00816404025061742,0.0556660039761434
"397",11880,9.52,3.0903,0.0106322384659204,0.0582504970178931
"398",11910,9.52,3.0907,0.0113916840706289,0.0590457256461236
"399",11940,9.54,NA,NA,NA
"400",11970,9.57,3.0908,0.0115815454718064,0.0592445328031817
"401",12000,9.56,3.0918,0.0134801594835776,0.061232604373758
"402",12030,9.55,3.0902,0.0104423770647429,0.058051689860835
"403",12060,9.54,3.0908,0.0115815454718064,0.0592445328031817
"404",12090,9.54,NA,NA,NA
"405",12120,9.54,3.0909,0.0117714068729831,0.0594433399602389
"406",12150,9.53,3.0894,0.0089234858553259,0.0564612326043739
"407",12180,9.52,3.0932,0.0161382191000573,0.0640159045725648
"408",12210,9.5,3.0902,0.0104423770647429,0.058051689860835
"409",12240,9.5,NA,NA,NA
"410",12270,9.52,3.0894,0.0089234858553259,0.0564612326043739
"411",12300,9.5,3.0925,0.014809189291817,0.062624254473161
"412",12330,9.5,3.0901,0.0102525156635662,0.0578528827037778
"413",12360,9.52,3.0907,0.0113916840706289,0.0590457256461236
"414",12390,9.55,NA,NA,NA
"415",12420,9.57,3.0909,0.0117714068729831,0.0594433399602389
"416",12450,9.57,3.0906,0.0112018226694513,0.0588469184890655
"417",12480,9.57,3.0919,0.0136700208847543,0.0614314115308152
"418",12510,9.57,NA,NA,NA
"419",12540,10.21,NA,NA,NA
"420",12570,11.34,3.0878,0.00588570343649198,0.0532803180914518
"421",12600,12.11,3.0911,0.0121511296753374,0.0598409542743541
"422",12630,12.96,3.0911,0.0121511296753374,0.0598409542743541
"423",12660,13.79,NA,NA,NA
"424",12690,14.48,NA,NA,NA
"425",12720,15.03,3.0915,0.0129105752800458,0.0606361829025847
"426",12750,15.52,3.0936,0.0168976647047658,0.0648111332007954
"427",12780,15.95,3.091,0.0119612682741607,0.0596421471172969
"428",12810,16.35,NA,NA,NA
"429",12840,16.64,NA,NA,NA
"430",12870,16.88,3.0906,0.0112018226694513,0.0588469184890655
"431",12900,17.1,3.0914,0.0127207138788691,0.0604373757455275
"432",12930,17.24,3.093,0.0157584962977031,0.0636182902584496
"433",12960,17.48,NA,NA,NA
"434",12990,17.75,NA,NA,NA
"435",13020,18,3.0913,0.0125308524776916,0.0602385685884694
"436",13050,18.21,3.0928,0.0153787734953488,0.0632206759443343
"437",13080,18.51,3.0931,0.0159483576988806,0.0638170974155077
"438",13110,18.83,NA,NA,NA
"439",13140,19.12,NA,NA,NA
"440",13170,19.25,3.0933,0.0163280805012348,0.0642147117296229
"441",13200,19.47,3.0943,0.018226694513006,0.0662027833001992
"442",13230,19.68,3.0923,0.0144294664894628,0.0622266401590457
"443",13260,19.89,NA,NA,NA
"444",13290,20.06,NA,NA,NA
"445",13320,20.22,3.0937,0.0170875261059433,0.0650099403578534
"446",13350,20.36,3.0938,0.01727738750712,0.0652087475149106
"447",13380,20.5,3.0916,0.0131004366812234,0.0608349900596427
"448",13410,20.61,NA,NA,NA
"449",13440,20.68,3.0961,0.0216441997341942,0.0697813121272366
"450",13470,20.67,3.0941,0.0178469717106518,0.065805168986084
"451",13500,20.71,3.0953,0.0201253085247772,0.0681908548707756
"452",13530,20.74,NA,NA,NA
"453",13560,20.72,NA,NA,NA
"454",13590,20.57,3.0969,0.023163090943612,0.0713717693836986
"455",13620,20.45,3.0955,0.0205050313271315,0.0685884691848908
"456",13650,20.35,3.095,0.0195557243212463,0.0675944333996031
"457",13680,20.26,NA,NA,NA
"458",13710,20.18,NA,NA,NA
"459",13740,20.09,3.0963,0.0220239225365484,0.0701789264413519
"460",13770,19.98,3.0919,0.0136700208847543,0.0614314115308152
"461",13800,19.9,3.0952,0.0199354471236005,0.0679920477137184
"462",13830,19.8,NA,NA,NA
"463",13860,19.68,NA,NA,NA
"464",13890,19.55,3.0948,0.019176001518892,0.0671968190854878
"465",13920,19.47,3.0947,0.0189861401177145,0.0669980119284298
"466",13950,19.36,3.0962,0.0218340611353717,0.0699801192842947
"467",13980,19.26,NA,NA,NA
"468",14010,19.15,NA,NA,NA
"469",14040,19.04,3.0957,0.0208847541294857,0.0689860834990061
"470",14070,19.01,3.0956,0.020694892728309,0.0687872763419489
"471",14100,18.98,3.0958,0.0210746155306632,0.0691848906560642
"472",14130,18.95,NA,NA,NA
"473",14160,18.88,NA,NA,NA
"474",14190,18.93,3.0933,0.0163280805012348,0.0642147117296229
"475",14220,18.98,3.0941,0.0178469717106518,0.065805168986084
"476",14250,19.03,3.0957,0.0208847541294857,0.0689860834990061
"477",14280,19.04,NA,NA,NA
"478",14310,19.12,NA,NA,NA
"479",14340,19.24,3.0943,0.018226694513006,0.0662027833001992
"480",14370,19.3,3.0951,0.019745585722423,0.0677932405566603
"481",14400,19.34,NA,NA,NA
"482",14430,19.4,NA,NA,NA
"483",14460,19.48,3.0953,0.0201253085247772,0.0681908548707756
"484",14490,19.54,3.0908,0.0115815454718064,0.0592445328031817
"485",14520,19.58,3.0959,0.0212644769318399,0.0693836978131214
"486",14550,19.59,NA,NA,NA
"487",14580,19.59,NA,NA,NA
"488",14610,19.58,3.0945,0.0186064173153603,0.0666003976143145
"489",14640,19.55,3.096,0.0214543383330175,0.0695825049701794
"490",14670,19.55,3.0943,0.018226694513006,0.0662027833001992
"491",14700,19.54,NA,NA,NA
"492",14730,19.54,NA,NA,NA
"493",14760,19.51,3.0938,0.01727738750712,0.0652087475149106
"494",14790,19.49,3.0944,0.0184165559141827,0.0664015904572564
"495",14820,19.46,3.0939,0.0174672489082975,0.0654075546719687
"496",14850,19.44,NA,NA,NA
"497",14880,19.41,NA,NA,NA
"498",14910,19.38,3.0955,0.0205050313271315,0.0685884691848908
"499",14940,19.39,3.0948,0.019176001518892,0.0671968190854878
"500",14970,19.43,3.0954,0.0203151699259548,0.0683896620278336
"501",15000,19.44,NA,NA,NA
"502",15030,19.42,NA,NA,NA
"503",15060,19.46,3.093,0.0157584962977031,0.0636182902584496
"504",15090,19.51,3.0947,0.0189861401177145,0.0669980119284298
"505",15120,19.51,3.0953,0.0201253085247772,0.0681908548707756
"506",15150,19.51,NA,NA,NA
"507",15180,19.48,NA,NA,NA
"508",15210,19.46,3.0957,0.0208847541294857,0.0689860834990061
"509",15240,19.41,3.0941,0.0178469717106518,0.065805168986084
"510",15270,19.34,3.0955,0.0205050313271315,0.0685884691848908
"511",15300,19.32,NA,NA,NA
"512",15330,19.42,NA,NA,NA
"513",15360,19.46,3.0948,0.019176001518892,0.0671968190854878
"514",15390,19.44,3.0964,0.022213783937726,0.07037773359841
"515",15420,19.42,3.0948,0.019176001518892,0.0671968190854878
"516",15450,19.49,NA,NA,NA
"517",15480,19.54,3.0958,0.0210746155306632,0.0691848906560642
"518",15510,19.51,3.095,0.0195557243212463,0.0675944333996031
"519",15540,19.42,3.0956,0.020694892728309,0.0687872763419489
"520",15570,19.35,3.0954,0.0203151699259548,0.0683896620278336
"521",15600,19.37,NA,NA,NA
"522",15630,19.35,3.0932,0.0161382191000573,0.0640159045725648
"523",15660,19.34,3.0949,0.0193658629200687,0.067395626242545
"524",15690,19.38,3.0954,0.0203151699259548,0.0683896620278336
"525",15720,19.47,3.0953,0.0201253085247772,0.0681908548707756
"526",15750,19.54,NA,NA,NA
"527",15780,19.58,3.0957,0.0208847541294857,0.0689860834990061
"528",15810,19.54,3.0952,0.0199354471236005,0.0679920477137184
"529",15840,19.47,NA,NA,NA
"530",15870,19.41,3.0969,0.023163090943612,0.0713717693836986
"531",15900,19.4,3.0948,0.019176001518892,0.0671968190854878
"532",15930,19.51,3.0958,0.0210746155306632,0.0691848906560642
"533",15960,19.61,NA,NA,NA
"534",15990,19.74,3.0947,0.0189861401177145,0.0669980119284298
"535",16020,19.78,3.0949,0.0193658629200687,0.067395626242545
"536",16050,19.77,3.0954,0.0203151699259548,0.0683896620278336
"537",16080,19.73,3.0933,0.0163280805012348,0.0642147117296229
"538",16110,19.73,NA,NA,NA
"539",16140,19.74,3.096,0.0214543383330175,0.0695825049701794
"540",16170,19.73,3.0976,0.0244921207518514,0.0727634194831015
"541",16200,19.7,3.0953,0.0201253085247772,0.0681908548707756
"542",16230,19.7,NA,NA,NA
"543",16260,19.71,NA,NA,NA
"544",16290,19.7,3.0972,0.0237326751471429,0.071968190854871
"545",16320,19.65,3.097,0.0233529523447887,0.0715705765407558
"546",16350,19.61,NA,NA,NA
"547",16380,19.62,NA,NA,NA
"548",16410,19.63,3.096,0.0214543383330175,0.0695825049701794
"549",16440,19.69,3.0937,0.0170875261059433,0.0650099403578534
"550",16470,19.71,NA,NA,NA
"551",16500,19.7,3.0949,0.0193658629200687,0.067395626242545
"552",16530,19.65,3.0948,0.019176001518892,0.0671968190854878
"553",16560,19.59,3.093,0.0157584962977031,0.0636182902584496
"554",16590,19.49,NA,NA,NA
"555",16620,19.43,3.0943,0.018226694513006,0.0662027833001992
"556",16650,19.46,3.095,0.0195557243212463,0.0675944333996031
"557",16680,19.55,3.0953,0.0201253085247772,0.0681908548707756
"558",16710,19.62,NA,NA,NA
"559",16740,19.65,3.0966,0.0225935067400802,0.0707753479125252
"560",16770,19.68,3.0943,0.018226694513006,0.0662027833001992
"561",16800,19.66,3.0953,0.0201253085247772,0.0681908548707756
"562",16830,19.59,3.096,0.0214543383330175,0.0695825049701794
"563",16860,19.44,3.0945,0.0186064173153603,0.0666003976143145
"564",16890,19.36,3.0952,0.0199354471236005,0.0679920477137184
"565",16920,19.38,3.0953,0.0201253085247772,0.0681908548707756
"566",16950,19.35,NA,NA,NA
"567",16980,19.33,3.0938,0.01727738750712,0.0652087475149106
"568",17010,19.41,3.0938,0.01727738750712,0.0652087475149106
"569",17040,19.52,3.0915,0.0129105752800458,0.0606361829025847
"570",17070,19.58,3.0937,0.0170875261059433,0.0650099403578534
"571",17100,19.6,NA,NA,NA
"572",17130,19.58,3.096,0.0214543383330175,0.0695825049701794
"573",17160,19.55,3.0935,0.0167078033035891,0.0646123260437382
"574",17190,19.54,3.0953,0.0201253085247772,0.0681908548707756
"575",17220,19.51,3.0918,0.0134801594835776,0.061232604373758
"576",17250,19.52,NA,NA,NA
"577",17280,19.56,3.0944,0.0184165559141827,0.0664015904572564
"578",17310,19.55,3.0947,0.0189861401177145,0.0669980119284298
"579",17340,19.51,3.0948,0.019176001518892,0.0671968190854878
"580",17370,19.49,NA,NA,NA
"581",17400,19.51,NA,NA,NA
"582",17430,19.71,3.0957,0.0208847541294857,0.0689860834990061
"583",17460,19.99,3.0937,0.0170875261059433,0.0650099403578534
"584",17490,20.23,3.0944,0.0184165559141827,0.0664015904572564
"585",17520,20.46,NA,NA,NA
"586",17550,20.7,NA,NA,NA
"587",17580,20.84,3.0928,0.0153787734953488,0.0632206759443343
"588",17610,21.05,3.0914,0.0127207138788691,0.0604373757455275
"589",17640,21.1,NA,NA,NA
"590",17670,20.98,3.095,0.0195557243212463,0.0675944333996031
"591",17700,20.88,3.0955,0.0205050313271315,0.0685884691848908
"592",17730,20.75,3.0955,0.0205050313271315,0.0685884691848908
"593",17760,20.61,3.0966,0.0225935067400802,0.0707753479125252
"594",17790,20.5,3.0964,0.022213783937726,0.07037773359841
"595",17820,20.43,3.0941,0.0178469717106518,0.065805168986084
"596",17850,20.31,NA,NA,NA
"597",17880,20.08,3.0957,0.0208847541294857,0.0689860834990061
"598",17910,20,3.0955,0.0205050313271315,0.0685884691848908
"599",17940,18.39,3.0957,0.0208847541294857,0.0689860834990061
"600",17970,16.62,NA,NA,NA
"601",18000,16.96,3.0959,0.0212644769318399,0.0693836978131214
"602",18030,18.26,3.0953,0.0201253085247772,0.0681908548707756
"603",18060,19.71,NA,NA,NA
"604",18090,21.12,3.0946,0.018796278716537,0.0667992047713717
"605",18120,22.49,3.094,0.0176571103094742,0.0656063618290259
"606",18150,23.86,3.0952,0.0199354471236005,0.0679920477137184
"607",18180,25.22,NA,NA,NA
"608",18210,26.35,NA,NA,NA
"609",18240,27.43,3.0973,0.0239225365483205,0.0721669980119291
"610",18270,28.37,3.0959,0.0212644769318399,0.0693836978131214
"611",18300,29.05,3.0986,0.0263907347636226,0.0747514910536779
"612",18330,29.66,NA,NA,NA
"613",18360,30.04,3.0989,0.0269603189671544,0.0753479125248512
"614",18390,30.27,3.1003,0.0296183785836341,0.0781312127236581
"615",18420,30.39,NA,NA,NA
"616",18450,30.42,3.1008,0.0305676855895201,0.0791252485089467
"617",18480,30.42,3.1019,0.0326561610024688,0.0813121272365811
"618",18510,30.16,3.1038,0.0362635276248345,0.0850894632206765
"619",18540,30.03,3.1049,0.0383520030377833,0.0872763419483109
"620",18570,29.83,3.1042,0.037022973229543,0.085884691848907
"621",18600,29.66,3.1063,0.0410100626542629,0.0900596421471178
"622",18630,29.55,NA,NA,NA
"623",18660,29.31,NA,NA,NA
"624",18690,29.21,3.1064,0.0411999240554396,0.0902584493041749
"625",18720,29.1,3.1069,0.0421492310613257,0.0912524850894635
"626",18750,29.07,NA,NA,NA
"627",18780,29.1,3.1095,0.0470856274919316,0.0964214711729629
"628",18810,29.08,3.109,0.0461363204860456,0.0954274353876743
"629",18840,29.28,3.1067,0.0417695082589714,0.0908548707753483
"630",18870,29.34,3.1103,0.0486045187013486,0.0980119284294239
"631",18900,29.51,NA,NA,NA
"632",18930,29.61,3.1092,0.0465160432883998,0.0958250497017895
"633",18960,29.7,NA,NA,NA
"634",18990,29.8,NA,NA,NA
"635",19020,29.91,3.1117,0.0512625783178282,0.100795228628231
"636",19050,29.93,3.1148,0.0571482817543194,0.106958250497018
"637",19080,29.89,3.113,0.0537307765331312,0.10337972166998
"638",19110,30.02,NA,NA,NA
"639",19140,30.01,3.1144,0.0563888361496109,0.106163021868787
"640",19170,30.04,3.1149,0.0573381431554969,0.107157057654076
"641",19200,30.08,NA,NA,NA
"642",19230,30.09,3.1156,0.0586671729637372,0.10854870775348
"643",19260,30.08,3.1175,0.0622745395861029,0.112326043737575
"644",19290,30.06,NA,NA,NA
"645",19320,30.09,3.1165,0.0603759255743308,0.110337972166998
"646",19350,30.06,3.1178,0.0628441237896338,0.112922465208748
"647",19380,30.07,NA,NA,NA
"648",19410,30.08,3.1178,0.0628441237896338,0.112922465208748
"649",19440,30.02,3.1193,0.065692044807291,0.115904572564613
"650",19470,29.99,NA,NA,NA
"651",19500,29.97,3.1205,0.0679703816214165,0.118290258449304
"652",19530,29.97,3.1217,0.0702487184355428,0.120675944333997
"653",19560,29.97,NA,NA,NA
"654",19590,30.06,3.1218,0.0704385798367195,0.120874751491054
"655",19620,29.99,3.1207,0.0683501044237707,0.118687872763419
"656",19650,29.96,3.1232,0.0730966394532,0.123658051689862
"657",19680,30.03,NA,NA,NA
"658",19710,30.02,3.1228,0.0723371938484906,0.12286282306163
"659",19740,30,3.1225,0.0717676096449597,0.122266401590458
"660",19770,29.99,NA,NA,NA
"661",19800,29.95,3.1247,0.0759445604708563,0.126640159045726
"662",19830,29.94,3.1237,0.0740459464590851,0.124652087475149
"663",19860,29.96,NA,NA,NA
"664",19890,29.94,3.1279,0.082020125308525,0.133001988071571
"665",19920,29.99,3.1275,0.0812606797038165,0.13220675944334
"666",19950,30.03,NA,NA,NA
"667",19980,29.99,3.1273,0.0808809569014623,0.131809145129225
"668",20010,29.94,NA,NA,NA
"669",20040,29.95,3.1268,0.0799316498955763,0.130815109343936
"670",20070,29.93,3.1283,0.0827795709132335,0.133797216699801
"671",20100,29.92,NA,NA,NA
"672",20130,29.98,3.1299,0.0858173533320683,0.136978131212724
"673",20160,29.92,3.1301,0.0861970761344225,0.13737574552684
"674",20190,29.98,NA,NA,NA
"675",20220,29.99,3.1306,0.0871463831403077,0.138369781312127
"676",20250,29.99,3.1312,0.0882855515473712,0.139562624254474
"677",20280,29.98,3.1308,0.0875261059426619,0.138767395626242
"678",20310,29.98,NA,NA,NA
"679",20340,29.97,3.1342,0.0939813935826848,0.145526838966203
"680",20370,29.97,3.1333,0.0922726409720912,0.143737574552685
"681",20400,30,NA,NA,NA
"682",20430,30.06,3.1334,0.0924625023732679,0.143936381709742
"683",20460,30.02,3.1341,0.0937915321815081,0.145328031809146
"684",20490,29.97,3.1353,0.0960698689956336,0.147713717693837
"685",20520,29.93,3.134,0.0936016707803306,0.145129224652088
"686",20550,29.97,NA,NA,NA
"687",20580,29.94,3.1352,0.0958800075944569,0.14751491053678
"688",20610,29.93,3.1365,0.098348205809759,0.150099403578529
"689",20640,30.04,3.1376,0.100436681222708,0.152286282306163
"690",20670,30.02,NA,NA,NA
"691",20700,29.96,3.1366,0.0985380672109366,0.150298210735587
"692",20730,29.97,3.1357,0.0968293146003421,0.148508946322068
"693",20760,30.01,3.1377,0.100626542623885,0.152485089463221
"694",20790,29.98,NA,NA,NA
"695",20820,29.97,3.1371,0.0994873742168226,0.151292246520876
"696",20850,29.97,NA,NA,NA
"697",20880,29.96,3.1404,0.105752800455668,0.157852882703778
"698",20910,30.02,3.1401,0.105183216252136,0.157256461232604
"699",20940,30.01,NA,NA,NA
"700",20970,29.98,3.1382,0.10157584962977,0.153479125248509
"701",21000,30.01,3.1403,0.10556293905449,0.15765407554672
"702",21030,29.98,NA,NA,NA
"703",21060,30.05,3.1397,0.104423770647428,0.156461232604374
"704",21090,30.06,NA,NA,NA
"705",21120,29.98,3.1432,0.111068919688628,0.163419483101392
"706",21150,30.04,3.1416,0.108031137269793,0.160238568588469
"707",21180,30.03,NA,NA,NA
"708",21210,30.01,3.1419,0.108600721473325,0.160834990059643
"709",21240,30.04,3.1428,0.110309474083919,0.162624254473161
"710",21270,30.04,NA,NA,NA
"711",21300,30.02,3.1443,0.113157395101576,0.165606361829026
"712",21330,30.04,NA,NA,NA
"713",21360,30.05,3.1433,0.111258781089805,0.16361829025845
"714",21390,30.05,3.1453,0.115056009113348,0.167594433399603
"715",21420,30,NA,NA,NA
"716",21450,29.98,3.1447,0.113916840706285,0.166401590457256
"717",21480,29.92,3.1463,0.116954623125119,0.169582504970179
"718",21510,29.94,3.1475,0.119232959939245,0.171968190854871
"719",21540,29.97,3.1452,0.114866147712171,0.167395626242545
"720",21570,29.97,NA,NA,NA
"721",21600,29.99,3.1478,0.119802544142777,0.172564612326044
"722",21630,29.98,3.1466,0.11752420732865,0.170178926441352
"723",21660,29.99,3.1472,0.118663375735714,0.171371769383699
"724",21690,29.98,3.1481,0.120372128346307,0.173161033797217
"725",21720,29.98,NA,NA,NA
"726",21750,30.01,3.1487,0.12151129675337,0.174353876739563
"727",21780,30.06,3.1486,0.121321435352193,0.174155069582505
"728",21810,29.95,3.1493,0.122650465160434,0.175546719681909
"729",21840,29.96,3.1482,0.120561989747485,0.173359840954275
"730",21870,29.98,NA,NA,NA
"731",21900,29.92,3.1512,0.126257831782799,0.179324055666004
"732",21930,29.91,3.1518,0.127397000189862,0.180516898608351
"733",21960,30.01,NA,NA,NA
"734",21990,29.99,3.1505,0.124928801974559,0.177932405566601
"735",22020,29.99,3.1517,0.127207138788685,0.180318091451292
"736",22050,29.92,3.1505,0.124928801974559,0.177932405566601
"737",22080,29.92,3.1514,0.126637554585154,0.17972166998012
"738",22110,29.97,NA,NA,NA
"739",22140,30.01,3.1505,0.124928801974559,0.177932405566601
"740",22170,30.02,3.1521,0.127966584393393,0.181113320079523
"741",22200,29.94,3.1526,0.128915891399279,0.182107355864812
"742",22230,29.92,3.1516,0.127017277387508,0.180119284294235
"743",22260,29.94,NA,NA,NA
"744",22290,29.95,3.154,0.131573951015759,0.184890656063618
"745",22320,29.92,3.1535,0.130624644009874,0.183896620278331
"746",22350,29.91,3.1542,0.131953673818113,0.185288270377734
"747",22380,29.86,3.152,0.127776722992216,0.180914512922466
"748",22410,29.91,NA,NA,NA
"749",22440,32.42,3.1522,0.128156445794571,0.181312127236581
"750",22470,33.53,NA,NA,NA
"751",22500,30.66,3.1494,0.12284032656161,0.175745526838966
"752",22530,32.39,NA,NA,NA
"753",22560,33.64,3.1556,0.134611733434594,0.188071570576541
"754",22590,33.82,NA,NA,NA
"755",22620,33.69,3.1565,0.136320486045187,0.18986083499006
"756",22650,33.84,3.1572,0.137649515853427,0.191252485089464
"757",22680,34,3.1561,0.135561040440479,0.189065606361829
"758",22710,34.05,3.1586,0.140307575469907,0.19403578528827
"759",22740,34.06,NA,NA,NA
"760",22770,34.25,3.1593,0.141636605278147,0.195427435387674
"761",22800,34.56,3.1604,0.143725080691096,0.197614314115309
"762",22830,34.64,NA,NA,NA
"763",22860,34.85,3.1627,0.14809189291817,0.202186878727635
"764",22890,35.08,3.1631,0.148851338522879,0.202982107355865
"765",22920,35.3,NA,NA,NA
"766",22950,35.5,3.1639,0.150370229732296,0.204572564612326
"767",22980,35.83,NA,NA,NA
"768",23010,36.02,3.1664,0.155116764761724,0.209542743538767
"769",23040,36.27,NA,NA,NA
"770",23070,36.46,3.1674,0.157015378773496,0.211530815109345
"771",23100,36.76,3.169,0.16005316119233,0.214711729622267
"772",23130,36.98,3.1694,0.160812606797039,0.215506958250497
"773",23160,37.27,3.1688,0.159673438389976,0.214314115308152
"774",23190,37.54,NA,NA,NA
"775",23220,37.85,3.1718,0.16536928042529,0.220278330019881
"776",23250,38.13,3.1717,0.165179419024113,0.220079522862823
"777",23280,38.44,NA,NA,NA
"778",23310,38.9,3.1733,0.168217201442947,0.223260437375745
"779",23340,39.11,NA,NA,NA
"780",23370,39.34,3.1788,0.17865957850769,0.234194831013917
"781",23400,39.61,3.1751,0.171634706664136,0.226838966202784
"782",23430,39.89,3.1821,0.184925004746536,0.24075546719682
"783",23460,39.9,NA,NA,NA
"784",23490,40.06,3.1815,0.183785836339473,0.239562624254474
"785",23520,40.09,3.1807,0.182266945130055,0.237972166998012
"786",23550,40.24,3.1841,0.188722232770078,0.244731610337972
"787",23580,40.34,3.1829,0.186443895955953,0.242345924453281
"788",23610,40.36,3.1861,0.192519460793621,0.248707753479126
"789",23640,40.51,NA,NA,NA
"790",23670,40.44,3.187,0.194228213404215,0.250497017892644
"791",23700,40.27,3.1869,0.194038352003038,0.250298210735587
"792",23730,40.28,3.19,0.199924055439529,0.256461232604374
"793",23760,40.26,3.1904,0.200683501044238,0.257256461232605
"794",23790,40.2,3.1897,0.199354471235999,0.255864811133202
"795",23820,40.03,3.1942,0.207898234288969,0.264811133200795
"796",23850,40.11,3.1896,0.199164609834821,0.255666003976143
"797",23880,40.03,NA,NA,NA
"798",23910,40.05,3.1952,0.209796848300741,0.266799204771372
"799",23940,40.09,3.1943,0.208088095690147,0.265009940357853
"800",23970,40.11,3.1979,0.214923106132524,0.272166998011929
"801",24000,40.21,3.1979,0.214923106132524,0.272166998011929
"802",24030,40.42,3.2005,0.219859502563129,0.277335984095428
"803",24060,40.35,3.2007,0.220239225365483,0.277733598409543
"804",24090,40.46,3.2009,0.220618948167838,0.278131212723658
"805",24120,40.42,NA,NA,NA
"806",24150,40.55,3.2023,0.223277007784318,0.280914512922466
"807",24180,40.68,NA,NA,NA
"808",24210,40.67,3.2051,0.228593127017278,0.28648111332008
"809",24240,40.71,3.2057,0.229732295424341,0.287673956262426
"810",24270,40.82,NA,NA,NA
"811",24300,40.77,3.2074,0.232959939244352,0.291053677932405
"812",24330,40.65,NA,NA,NA
"813",24360,40.64,3.2075,0.233149800645529,0.291252485089464
"814",24390,40.6,3.2082,0.23447883045377,0.292644135188867
"815",24420,40.68,3.2091,0.236187583064363,0.294433399602386
"816",24450,40.71,NA,NA,NA
"817",24480,40.71,3.2101,0.238086197076135,0.296421471172963
"818",24510,40.6,3.215,0.247389405733814,0.306163021868787
"819",24540,40.53,3.2135,0.244541484716157,0.303180914512922
"820",24570,40.47,NA,NA,NA
"821",24600,40.47,3.216,0.249288019745587,0.308151093439365
"822",24630,40.56,NA,NA,NA
"823",24660,40.41,3.216,0.249288019745587,0.308151093439365
"824",24690,40.37,3.2181,0.253275109170306,0.312326043737575
"825",24720,40.34,NA,NA,NA
"826",24750,40.29,3.2203,0.257452059996203,0.316699801192843
"827",24780,40.34,3.2208,0.258401367002089,0.317693836978132
"828",24810,40.34,3.2217,0.260110119612683,0.31948310139165
"829",24840,40.25,NA,NA,NA
"830",24870,40.2,3.2212,0.259160812606798,0.318489065606362
"831",24900,40.17,3.223,0.262578317827986,0.3220675944334
"832",24930,40.12,NA,NA,NA
"833",24960,40.11,3.2248,0.265995823049175,0.325646123260438
"834",24990,40.08,3.2237,0.263907347636226,0.323459244532804
"835",25020,40.08,3.225,0.266375545851529,0.326043737574553
"836",25050,40.07,NA,NA,NA
"837",25080,40.03,3.2263,0.268843744066832,0.328628230616303
"838",25110,40.06,NA,NA,NA
"839",25140,40.18,3.2298,0.275488893108032,0.33558648111332
"840",25170,40.02,3.2284,0.272830833491552,0.332803180914514
"841",25200,39.92,3.2277,0.271501803683312,0.33141153081511
"842",25230,39.93,3.2297,0.275299031706854,0.335387673956262
"843",25260,40,3.2294,0.274729447503323,0.33479125248509
"844",25290,40,NA,NA,NA
"845",25320,40.01,3.2316,0.27890639832922,0.339165009940358
"846",25350,40.01,3.2305,0.276817922916272,0.336978131212724
"847",25380,40,NA,NA,NA
"848",25410,40.08,3.2331,0.281754319346877,0.342147117296223
"849",25440,40.12,3.2325,0.280615150939814,0.340954274353877
"850",25470,40.76,3.232,0.279665843933929,0.339960238568589
"851",25500,40.98,3.2323,0.28023542813746,0.340556660039762
"852",25530,41.04,3.2344,0.28422251756218,0.344731610337972
"853",25560,41.12,NA,NA,NA
"854",25590,41.24,NA,NA,NA
"855",25620,41.38,3.2341,0.283652933358649,0.3441351888668
"856",25650,41.4,3.2357,0.286690715777483,0.347316103379722
"857",25680,41.4,NA,NA,NA
"858",25710,41.45,3.2375,0.290108220998671,0.350894632206759
"859",25740,41.64,3.2349,0.285171824568066,0.345725646123261
"860",25770,41.99,NA,NA,NA
"861",25800,42.26,3.2379,0.29086766660338,0.35168986083499
"862",25830,42.45,3.238,0.291057528004557,0.351888667992048
"863",25860,42.72,3.2396,0.294095310423391,0.35506958250497
"864",25890,42.97,NA,NA,NA
"865",25920,43.34,3.2384,0.291816973609266,0.352683896620279
"866",25950,43.76,3.2398,0.294475033225745,0.355467196819085
"867",25980,44.11,3.2425,0.299601291057529,0.360834990059643
"868",26010,44.29,3.244,0.302449212075186,0.363817097415508
"869",26040,44.66,NA,NA,NA
"870",26070,45.22,NA,NA,NA
"871",26100,45.69,NA,NA,NA
"872",26130,46.05,3.2445,0.303398519081071,0.364811133200795
"873",26160,46.54,NA,NA,NA
"874",26190,47.07,NA,NA,NA
"875",26220,47.5,NA,NA,NA
"876",26250,47.92,3.2472,0.308524776912854,0.370178926441352
"877",26280,48.18,3.2461,0.306436301499906,0.367992047713718
"878",26310,48.59,NA,NA,NA
"879",26340,48.89,NA,NA,NA
"880",26370,49.31,3.248,0.310043668122272,0.371769383697814
"881",26400,49.6,3.2474,0.308904499715208,0.370576540755467
"882",26430,49.9,NA,NA,NA
"883",26460,50.14,3.2497,0.313271311942282,0.375149105367793
"884",26490,50.48,3.2495,0.312891589139928,0.374751491053678
"885",26520,50.75,3.2514,0.316498955762294,0.378528827037773
"886",26550,50.9,NA,NA,NA
"887",26580,51.05,3.2525,0.318587431175242,0.380715705765408
"888",26610,51.12,3.2523,0.318207708372888,0.380318091451293
"889",26640,51.18,3.252,0.317638124169356,0.379721669980119
"890",26670,51.2,NA,NA,NA
"891",26700,51.32,3.2541,0.321625213594077,0.383896620278331
"892",26730,51.3,3.2539,0.321245490791722,0.383499005964215
"893",26760,51.24,3.2527,0.318967153977597,0.381113320079523
"894",26790,51.29,3.2545,0.322384659198786,0.384691848906561
"895",26820,51.19,NA,NA,NA
"896",26850,50.99,3.2561,0.32542244161762,0.387872763419483
"897",26880,50.86,3.2571,0.327321055629391,0.38986083499006
"898",26910,50.91,NA,NA,NA
"899",26940,50.8,3.2561,0.32542244161762,0.387872763419483
"900",26970,50.7,3.2568,0.32675147142586,0.389264413518887
"901",27000,50.65,NA,NA,NA
"902",27030,50.58,3.2553,0.323903550408203,0.386282306163022
"903",27060,50.51,NA,NA,NA
"904",27090,50.26,NA,NA,NA
"905",27120,50.2,NA,NA,NA
"906",27150,50.18,3.2589,0.33073856085058,0.393439363817098
"907",27180,50.08,3.2573,0.327700778431745,0.390258449304175
"908",27210,49.95,NA,NA,NA
"909",27240,50,NA,NA,NA
"910",27270,49.96,NA,NA,NA
"911",27300,50.06,3.2573,0.327700778431745,0.390258449304175
"912",27330,49.97,3.2588,0.330548699449402,0.39324055666004
"913",27360,49.86,3.2589,0.33073856085058,0.393439363817098
"914",27390,49.89,3.2581,0.329219669641163,0.391848906560637
"915",27420,49.97,3.2583,0.329599392443517,0.392246520874752
"916",27450,49.99,3.2589,0.33073856085058,0.393439363817098
"917",27480,50.02,3.2565,0.326181887222328,0.388667992047714
"918",27510,49.96,3.2565,0.326181887222328,0.388667992047714
"919",27540,49.9,NA,NA,NA
"920",27570,49.96,3.2563,0.325802164419974,0.388270377733599
"921",27600,49.93,NA,NA,NA
"922",27630,49.92,NA,NA,NA
"923",27660,49.95,3.2579,0.328839946838808,0.391451292246521
"924",27690,50,3.2558,0.324852857414088,0.38727634194831
"925",27720,50.02,3.2581,0.329219669641163,0.391848906560637
"926",27750,49.97,3.2595,0.331877729257643,0.394632206759444
"927",27780,50.04,NA,NA,NA
"928",27810,50.03,3.2587,0.330358838048226,0.393041749502983
"929",27840,49.95,3.2581,0.329219669641163,0.391848906560637
"930",27870,49.91,3.2573,0.327700778431745,0.390258449304175
"931",27900,49.96,3.2574,0.327890639832923,0.390457256461233
"932",27930,50.03,3.2594,0.331687867856465,0.394433399602386
"933",27960,49.95,NA,NA,NA
"934",27990,50.01,3.2581,0.329219669641163,0.391848906560637
"935",28020,50.1,3.2599,0.332637174862351,0.395427435387674
"936",28050,50.12,3.259,0.330928422251757,0.393638170974155
"937",28080,50.04,3.2592,0.331308145054111,0.39403578528827
"938",28110,50.14,3.2585,0.329979115245871,0.392644135188867
"939",28140,50.22,NA,NA,NA
"940",28170,50.12,NA,NA,NA
"941",28200,50.09,3.26,0.332827036263528,0.395626242544731
"942",28230,50.06,3.2572,0.327510917030568,0.390059642147118
"943",28260,50.03,3.2599,0.332637174862351,0.395427435387674
"944",28290,49.98,3.2594,0.331687867856465,0.394433399602386
"945",28320,49.91,3.2574,0.327890639832923,0.390457256461233
"946",28350,49.74,3.2591,0.331118283652934,0.393836978131213
"947",28380,49.74,NA,NA,NA
"948",28410,49.82,3.2586,0.330168976647048,0.392842942345925
"949",28440,49.89,3.2602,0.333206759065883,0.396023856858848
"950",28470,49.85,3.2572,0.327510917030568,0.390059642147118
"951",28500,49.85,3.2588,0.330548699449402,0.39324055666004
"952",28530,49.94,3.2574,0.327890639832923,0.390457256461233
"953",28560,50.09,3.2597,0.332257452059997,0.395029821073559
"954",28590,50.17,3.2577,0.328460224036454,0.391053677932406
"955",28620,50.33,3.2577,0.328460224036454,0.391053677932406
"956",28650,50.51,3.2577,0.328460224036454,0.391053677932406
"957",28680,50.72,3.2602,0.333206759065883,0.396023856858848
"958",28710,51.02,3.259,0.330928422251757,0.393638170974155
"959",28740,51.25,3.2586,0.330168976647048,0.392842942345925
"960",28770,51.55,3.2578,0.328650085437631,0.391252485089464
"961",28800,51.77,3.2607,0.334156066071768,0.397017892644135
"962",28830,52.17,3.258,0.329029808239985,0.391650099403579
"963",28860,52.47,3.2565,0.326181887222328,0.388667992047714
"964",28890,52.84,3.2571,0.327321055629391,0.38986083499006
"965",28920,53.24,3.2602,0.333206759065883,0.396023856858848
"966",28950,53.62,3.2591,0.331118283652934,0.393836978131213
"967",28980,53.92,3.2581,0.329219669641163,0.391848906560637
"968",29010,54.45,3.2597,0.332257452059997,0.395029821073559
"969",29040,54.87,3.26,0.332827036263528,0.395626242544731
"970",29070,55.23,3.2595,0.331877729257643,0.394632206759444
"971",29100,55.71,NA,NA,NA
"972",29130,55.88,NA,NA,NA
"973",29160,56.28,3.2582,0.329409531042339,0.392047713717694
"974",29190,56.77,3.2602,0.333206759065883,0.396023856858848
"975",29220,57.24,3.2593,0.331498006455288,0.394234592445329
"976",29250,57.6,3.2595,0.331877729257643,0.394632206759444
"977",29280,57.99,3.2618,0.336244541484717,0.39920477137177
"978",29310,58.43,3.2625,0.337573571292957,0.400596421471174
"979",29340,58.72,NA,NA,NA
"980",29370,59.01,3.2613,0.335295234478831,0.398210735586481
"981",29400,59.44,3.2603,0.333396620467059,0.396222664015905
"982",29430,59.74,3.2601,0.333016897664705,0.39582504970179
"983",29460,60.09,3.2617,0.336054680083539,0.399005964214712
"984",29490,60.47,3.2625,0.337573571292957,0.400596421471174
"985",29520,60.68,3.2619,0.336434402885893,0.399403578528827
"986",29550,60.62,NA,NA,NA
"987",29580,60.71,NA,NA,NA
"988",29610,60.76,3.2623,0.337193848490603,0.400198807157058
"989",29640,61.04,NA,NA,NA
"990",29670,61.23,3.2641,0.340611353711791,0.403777335984096
"991",29700,61.28,3.2624,0.337383709891779,0.400397614314116
"992",29730,61.28,3.2648,0.341940383520031,0.4051689860835
"993",29760,61.2,3.2637,0.339851908107082,0.402982107355865
"994",29790,61.11,NA,NA,NA
"995",29820,61.17,3.2657,0.343649136130625,0.406958250497018
"996",29850,60.96,NA,NA,NA
"997",29880,60.77,3.2649,0.342130244921208,0.405367793240557
"998",29910,60.58,3.2639,0.340231630909437,0.40337972166998
"999",29940,60.55,3.2634,0.339282323903551,0.402385685884692
"1000",29970,60.36,3.2639,0.340231630909437,0.40337972166998
"1001",30000,60.35,3.2642,0.340801215112968,0.403976143141154
"1002",30030,60.29,NA,NA,NA
"1003",30060,60.17,3.2657,0.343649136130625,0.406958250497018
"1004",30090,60.03,NA,NA,NA
"1005",30120,60.07,3.2635,0.339472185304728,0.40258449304175
"1006",30150,60.1,3.2644,0.341180937915323,0.404373757455269
"1007",30180,60.03,3.2638,0.340041769508259,0.403180914512922
"1008",30210,59.98,NA,NA,NA
"1009",30240,59.83,3.2644,0.341180937915323,0.404373757455269
"1010",30270,59.81,3.2634,0.339282323903551,0.402385685884692
"1011",30300,59.77,NA,NA,NA
"1012",30330,59.83,3.2635,0.339472185304728,0.40258449304175
"1013",30360,59.76,3.2615,0.335674957281185,0.398608349900596
"1014",30390,59.97,NA,NA,NA
"1015",30420,59.95,3.2632,0.338902601101196,0.401988071570577
"1016",30450,59.95,3.2637,0.339851908107082,0.402982107355865
"1017",30480,59.92,3.2627,0.337953294095311,0.400994035785289
"1018",30510,60.02,NA,NA,NA
"1019",30540,60,3.262,0.336624264287071,0.399602385685885
"1020",30570,60.1,3.2656,0.343459274729448,0.406759443339961
"1021",30600,59.95,3.2632,0.338902601101196,0.401988071570577
"1022",30630,59.97,3.2642,0.340801215112968,0.403976143141154
"1023",30660,60.12,3.2625,0.337573571292957,0.400596421471174
"1024",30690,60.14,3.266,0.344218720334157,0.407554671968191
"1025",30720,60.07,NA,NA,NA
"1026",30750,59.95,3.2649,0.342130244921208,0.405367793240557
"1027",30780,59.95,3.2653,0.342889690525916,0.406163021868787
"1028",30810,60.04,NA,NA,NA
"1029",30840,60.05,3.2642,0.340801215112968,0.403976143141154
"1030",30870,59.96,3.2653,0.342889690525916,0.406163021868787
"1031",30900,59.95,3.2647,0.341750522118854,0.404970178926442
"1032",30930,59.85,NA,NA,NA
"1033",30960,59.79,3.2646,0.341560660717677,0.404771371769384
"1034",30990,59.72,NA,NA,NA
"1035",31020,59.78,3.2645,0.341370799316499,0.404572564612326
"1036",31050,59.93,3.2645,0.341370799316499,0.404572564612326
"1037",31080,60.05,NA,NA,NA
"1038",31110,60.12,NA,NA,NA
"1039",31140,60.17,3.2626,0.337763432694134,0.400795228628231
"1040",31170,60.15,NA,NA,NA
"1041",31200,60.19,3.2655,0.343269413328271,0.406560636182903
"1042",31230,60.09,3.2654,0.343079551927094,0.406361829025845
"1043",31260,60.26,NA,NA,NA
"1044",31290,60.17,3.266,0.344218720334157,0.407554671968191
"1045",31320,60.29,NA,NA,NA
"1046",31350,60.24,3.2639,0.340231630909437,0.40337972166998
"1047",31380,60.14,3.2628,0.338143155496488,0.401192842942346
"1048",31410,60.12,3.2626,0.337763432694134,0.400795228628231
"1049",31440,60.27,3.2644,0.341180937915323,0.404373757455269
"1050",31470,60.08,NA,NA,NA
"1051",31500,60.66,3.2639,0.340231630909437,0.40337972166998
"1052",31530,62.4,NA,NA,NA
"1053",31560,63.05,3.2633,0.339092462502374,0.402186878727635
"1054",31590,63.12,NA,NA,NA
"1055",31620,62.97,3.2622,0.337003987089425,0.4
"1056",31650,63.1,3.2624,0.337383709891779,0.400397614314116
"1057",31680,63.12,3.264,0.340421492310613,0.403578528827038
"1058",31710,63.17,3.2651,0.342509967723562,0.405765407554672
"1059",31740,63.03,3.2663,0.344788304537688,0.408151093439365
"1060",31770,62.97,NA,NA,NA
"1061",31800,62.8,3.2643,0.340991076514145,0.404174950298211
"1062",31830,62.79,3.2652,0.34269982912474,0.40596421471173
"1063",31860,62.8,NA,NA,NA
"1064",31890,62.98,3.2656,0.343459274729448,0.406759443339961
"1065",31920,63.12,NA,NA,NA
"1066",31950,63.24,3.2658,0.343838997531802,0.407157057654076
"1067",31980,63.55,NA,NA,NA
"1068",32010,63.73,3.2665,0.345168027340043,0.40854870775348
"1069",32040,64.3,NA,NA,NA
"1070",32070,64.77,3.2665,0.345168027340043,0.40854870775348
"1071",32100,65.05,3.2666,0.345357888741219,0.408747514910537
"1072",32130,65.46,NA,NA,NA
"1073",32160,66.01,NA,NA,NA
"1074",32190,66.42,NA,NA,NA
"1075",32220,66.85,3.2658,0.343838997531802,0.407157057654076
"1076",32250,67.3,3.266,0.344218720334157,0.407554671968191
"1077",32280,67.74,3.2661,0.344408581735333,0.407753479125248
"1078",32310,68.23,3.2678,0.347636225555345,0.411133200795229
"1079",32340,68.67,3.2678,0.347636225555345,0.411133200795229
"1080",32370,68.98,3.2676,0.34725650275299,0.410735586481113
"1081",32400,69.4,3.27,0.351813176381242,0.415506958250497
"1082",32430,69.88,NA,NA,NA
"1083",32460,70.16,3.2698,0.351433453578888,0.415109343936382
"1084",32490,70.61,3.2709,0.353521928991837,0.417296222664017
"1085",32520,70.72,3.2705,0.352762483387128,0.416500994035786
"1086",32550,70.81,NA,NA,NA
"1087",32580,71.03,3.2707,0.353142206189482,0.416898608349901
"1088",32610,70.97,3.2718,0.35523068160243,0.419085487077535
"1089",32640,71.06,NA,NA,NA
"1090",32670,71.06,NA,NA,NA
"1091",32700,70.98,3.2724,0.356369850009494,0.420278330019881
"1092",32730,70.81,3.272,0.355610404404785,0.41948310139165
"1093",32760,70.79,NA,NA,NA
"1094",32790,70.79,3.2717,0.355040820201254,0.418886679920478
"1095",32820,70.58,3.2714,0.354471235997722,0.418290258449304
"1096",32850,70.44,NA,NA,NA
"1097",32880,70.27,NA,NA,NA
"1098",32910,70.3,3.2754,0.362065692044807,0.42624254473161
"1099",32940,70.12,3.2741,0.359597493829505,0.423658051689861
"1100",32970,70.14,3.2696,0.351053730776534,0.414711729622267
"1101",33000,70.09,NA,NA,NA
"1102",33030,69.88,NA,NA,NA
"1103",33060,69.9,3.2711,0.353901651794191,0.417693836978132
"1104",33090,70.02,3.2729,0.357319157015379,0.421272365805169
"1105",33120,70.12,NA,NA,NA
"1106",33150,69.91,3.2718,0.35523068160243,0.419085487077535
"1107",33180,69.79,3.2732,0.357888741218911,0.421868787276342
"1108",33210,69.9,NA,NA,NA
"1109",33240,69.94,NA,NA,NA
"1110",33270,70.13,3.274,0.359407632428328,0.423459244532804
"1111",33300,69.98,NA,NA,NA
"1112",33330,69.9,NA,NA,NA
"1113",33360,69.85,NA,NA,NA
"1114",33390,69.74,3.2743,0.35997721663186,0.424055666003977
"1115",33420,69.93,3.2718,0.35523068160243,0.419085487077535
"1116",33450,70.05,NA,NA,NA
"1117",33480,69.88,NA,NA,NA
"1118",33510,69.81,NA,NA,NA
"1119",33540,69.92,NA,NA,NA
"1120",33570,69.9,3.2748,0.360926523637745,0.425049701789265
"1121",33600,69.81,3.2742,0.359787355230682,0.423856858846919
"1122",33630,70.02,3.2732,0.357888741218911,0.421868787276342
"1123",33660,69.98,3.2732,0.357888741218911,0.421868787276342
"1124",33690,70.22,3.2729,0.357319157015379,0.421272365805169
"1125",33720,70.14,3.2736,0.358648186823619,0.422664015904573
"1126",33750,70.17,3.2731,0.357698879817733,0.421669980119284
"1127",33780,70.04,NA,NA,NA
"1128",33810,70,NA,NA,NA
"1129",33840,69.96,NA,NA,NA
"1130",33870,70.07,NA,NA,NA
"1131",33900,69.98,NA,NA,NA
"1132",33930,70.06,3.2726,0.356749572811848,0.420675944333997
"1133",33960,69.89,3.2732,0.357888741218911,0.421868787276342
"1134",33990,69.89,3.274,0.359407632428328,0.423459244532804
"1135",34020,69.91,3.2757,0.362635276248339,0.426838966202784
"1136",34050,70,3.2745,0.360356939434214,0.424453280318092
"1137",34080,70.13,3.2742,0.359787355230682,0.423856858846919
"1138",34110,69.92,3.2746,0.360546800835391,0.424652087475149
"1139",34140,70.02,3.2745,0.360356939434214,0.424453280318092
"1140",34170,69.92,3.2751,0.361496107841277,0.425646123260438
"1141",34200,69.94,NA,NA,NA
"1142",34230,70.02,NA,NA,NA
"1143",34260,69.97,NA,NA,NA
"1144",34290,69.96,NA,NA,NA
"1145",34320,69.97,3.273,0.357509018416557,0.421471172962227
"1146",34350,70.05,3.2747,0.360736662236568,0.424850894632207
"1147",34380,70,3.2746,0.360546800835391,0.424652087475149
"1148",34410,69.85,3.2722,0.35599012720714,0.419880715705766
"1149",34440,69.78,3.2746,0.360546800835391,0.424652087475149
"1150",34470,69.89,3.2739,0.35921777102715,0.423260437375745
"1151",34500,69.93,3.2748,0.360926523637745,0.425049701789265
"1152",34530,70.05,3.277,0.365103474463642,0.429423459244533
"1153",34560,69.95,3.2733,0.358078602620088,0.4220675944334
"1154",34590,70.4,NA,NA,NA
"1155",34620,70.45,NA,NA,NA
"1156",34650,70.58,NA,NA,NA
"1157",34680,70.74,NA,NA,NA
"1158",34710,71.11,NA,NA,NA
"1159",34740,71.38,3.2737,0.358838048224796,0.42286282306163
"1160",34770,71.61,3.2762,0.363584583254224,0.427833001988071
"1161",34800,71.98,3.275,0.361306246440099,0.42544731610338
"1162",34830,72.32,3.276,0.36320486045187,0.427435387673956
"1163",34860,72.64,3.2725,0.356559711410671,0.420477137176939
"1164",34890,73.14,3.2761,0.363394721853048,0.427634194831014
"1165",34920,73.66,3.2761,0.363394721853048,0.427634194831014
"1166",34950,73.97,3.2735,0.358458325422442,0.422465208747515
"1167",34980,74.14,3.2774,0.365862920068351,0.430218687872764
"1168",35010,74.74,NA,NA,NA
"1169",35040,75.1,NA,NA,NA
"1170",35070,75.35,NA,NA,NA
"1171",35100,75.91,NA,NA,NA
"1172",35130,76.16,NA,NA,NA
"1173",35160,76.62,3.2778,0.366622365673059,0.431013916500994
"1174",35190,77.2,3.2789,0.368710841086008,0.433200795228629
"1175",35220,77.5,3.2789,0.368710841086008,0.433200795228629
"1176",35250,77.71,3.28,0.370799316498956,0.435387673956262
"1177",35280,78.07,3.2821,0.374786405923676,0.439562624254473
"1178",35310,78.5,3.2811,0.372887791911905,0.437574552683897
"1179",35340,78.69,3.2792,0.369280425289539,0.433797216699801
"1180",35370,79,3.2825,0.375545851528385,0.440357852882705
"1181",35400,79.34,NA,NA,NA
"1182",35430,79.69,NA,NA,NA
"1183",35460,79.9,NA,NA,NA
"1184",35490,79.84,NA,NA,NA
"1185",35520,80.22,NA,NA,NA
"1186",35550,80.78,3.2851,0.38048224795899,0.445526838966203
"1187",35580,80.97,3.2868,0.383709891779002,0.448906560636183
"1188",35610,80.98,3.286,0.382191000569585,0.447316103379722
"1189",35640,81.12,3.2853,0.380861970761344,0.445924453280318
"1190",35670,81.19,3.285,0.380292386557814,0.445328031809146
"1191",35700,81.11,3.2856,0.381431554964876,0.446520874751492
"1192",35730,80.82,3.2858,0.381811277767231,0.446918489065607
"1193",35760,80.77,3.2877,0.385418644389596,0.450695825049702
"1194",35790,80.63,3.2891,0.388076704006076,0.453479125248509
"1195",35820,80.54,NA,NA,NA
"1196",35850,80.52,NA,NA,NA
"1197",35880,80.46,NA,NA,NA
"1198",35910,80.41,NA,NA,NA
"1199",35940,80.29,NA,NA,NA
"1200",35970,80.2,3.2902,0.390165179419025,0.455666003976143
"1201",36000,80.06,3.2917,0.393013100436682,0.458648111332008
"1202",36030,80.03,3.2908,0.391304347826087,0.456858846918489
"1203",36060,80.1,3.2912,0.392063793430796,0.45765407554672
"1204",36090,80.01,3.2905,0.390734763622556,0.456262425447317
"1205",36120,79.91,3.2895,0.388836149610784,0.45427435387674
"1206",36150,79.75,3.2897,0.389215872413139,0.454671968190855
"1207",36180,79.95,3.2923,0.394152268843745,0.459840954274354
"1208",36210,80.06,3.2903,0.390355040820201,0.455864811133201
"1209",36240,79.87,NA,NA,NA
"1210",36270,79.88,NA,NA,NA
"1211",36300,79.89,NA,NA,NA
"1212",36330,79.99,NA,NA,NA
"1213",36360,79.98,NA,NA,NA
"1214",36390,79.86,3.2931,0.395671160053161,0.461431411530815
"1215",36420,79.74,3.2954,0.400037972280236,0.466003976143141
"1216",36450,79.95,3.2943,0.397949496867287,0.463817097415507
"1217",36480,79.87,3.2962,0.401556863489653,0.467594433399602
"1218",36510,79.86,3.2929,0.395291437250807,0.4610337972167
"1219",36540,80.03,3.2943,0.397949496867287,0.463817097415507
"1220",36570,80,3.2934,0.396240744256693,0.462027833001989
"1221",36600,79.86,3.2941,0.397569774064933,0.463419483101392
"1222",36630,79.93,NA,NA,NA
"1223",36660,79.89,NA,NA,NA
"1224",36690,80.1,NA,NA,NA
"1225",36720,80.1,NA,NA,NA
"1226",36750,79.93,NA,NA,NA
"1227",36780,79.94,3.2962,0.401556863489653,0.467594433399602
"1228",36810,80.01,3.2957,0.400607556483767,0.466600397614315
"1229",36840,79.99,3.2972,0.403455477501425,0.46958250497018
"1230",36870,80.09,3.2967,0.402506170495539,0.468588469184891
"1231",36900,80.05,3.2968,0.402696031896716,0.468787276341949
"1232",36930,79.98,3.297,0.40307575469907,0.469184890656064
"1233",36960,80.11,3.2981,0.405164230112018,0.471371769383698
"1234",36990,80.05,3.2945,0.398329219669642,0.464214711729623
"1235",37020,80.08,3.296,0.401177140687298,0.467196819085487
"1236",37050,80.01,NA,NA,NA
"1237",37080,79.93,NA,NA,NA
"1238",37110,79.96,NA,NA,NA
"1239",37140,80.19,NA,NA,NA
"1240",37170,80.19,NA,NA,NA
"1241",37200,80.18,3.2991,0.40706284412379,0.473359840954275
"1242",37230,80.18,3.2989,0.406683121321436,0.47296222664016
"1243",37260,80.17,3.3,0.408771596734384,0.475149105367793
"1244",37290,80.06,3.2971,0.403265616100247,0.469383697813121
"1245",37320,80.27,3.2974,0.403835200303779,0.469980119284295
"1246",37350,80.19,3.2982,0.405354091513196,0.471570576540756
"1247",37380,80.05,3.2976,0.404214923106133,0.47037773359841
"1248",37410,79.98,3.2986,0.406113537117904,0.472365805168986
"1249",37440,80.04,3.299,0.406872982722613,0.473161033797217
"1250",37470,80.12,NA,NA,NA
"1251",37500,80.09,NA,NA,NA
"1252",37530,79.97,NA,NA,NA
"1253",37560,79.98,NA,NA,NA
"1254",37590,80.05,NA,NA,NA
"1255",37620,80.13,3.3001,0.408961458135562,0.475347912524851
"1256",37650,80.41,3.298,0.404974368710842,0.471172962226641
"1257",37680,80.63,3.2954,0.400037972280236,0.466003976143141
"1258",37710,80.79,3.2993,0.407442566926145,0.47375745526839
"1259",37740,81.15,3.3002,0.409151319536738,0.475546719681908
"1260",37770,81.54,3.3018,0.412189101955573,0.478727634194831
"1261",37800,81.81,3.302,0.412568824757927,0.479125248508947
"1262",37830,82.15,3.3014,0.411429656350865,0.477932405566601
"1263",37860,82.34,NA,NA,NA
"1264",37890,82.83,NA,NA,NA
"1265",37920,83.31,NA,NA,NA
"1266",37950,83.78,NA,NA,NA
"1267",37980,84.34,NA,NA,NA
"1268",38010,84.75,3.3014,0.411429656350865,0.477932405566601
"1269",38040,85.12,3.3039,0.416176191380293,0.482902584493042
"1270",38070,85.52,3.3038,0.415986329979115,0.482703777335984
"1271",38100,85.95,3.3063,0.420732865008544,0.487673956262425
"1272",38130,86.19,3.3053,0.418834250996773,0.485685884691849
"1273",38160,86.49,3.3056,0.419403835200304,0.486282306163022
"1274",38190,86.95,3.3066,0.421302449212076,0.488270377733599
"1275",38220,87.25,3.3083,0.424530093032087,0.491650099403579
"1276",38250,87.64,3.3083,0.424530093032087,0.491650099403579
"1277",38280,88.06,NA,NA,NA
"1278",38310,88.53,NA,NA,NA
"1279",38340,88.87,NA,NA,NA
"1280",38370,89.19,NA,NA,NA
"1281",38400,89.7,NA,NA,NA
"1282",38430,89.87,3.3122,0.431934687677995,0.499403578528827
"1283",38460,90.1,3.3138,0.43497247009683,0.50258449304175
"1284",38490,90.32,3.3151,0.437440668312133,0.5051689860835
"1285",38520,90.54,3.3159,0.43895955952155,0.506759443339961
"1286",38550,90.74,3.3148,0.436871084108601,0.504572564612326
"1287",38580,90.95,3.3159,0.43895955952155,0.506759443339961
"1288",38610,90.87,3.3168,0.440668312132144,0.50854870775348
"1289",38640,90.94,3.3191,0.445035124359219,0.513121272365806
"1290",38670,91.01,3.319,0.444845262958041,0.512922465208748
"1291",38700,90.84,NA,NA,NA
"1292",38730,90.71,NA,NA,NA
"1293",38760,90.64,NA,NA,NA
"1294",38790,90.66,NA,NA,NA
"1295",38820,90.55,NA,NA,NA
"1296",38850,90.39,3.3228,0.452059996202772,0.520477137176939
"1297",38880,90.02,3.3202,0.447123599772166,0.515308151093439
"1298",38910,89.86,3.3252,0.456616669831024,0.525248508946323
"1299",38940,89.95,3.3237,0.453768748813367,0.522266401590458
"1300",38970,89.96,3.3252,0.456616669831024,0.525248508946323
"1301",39000,89.8,3.3256,0.457376115435733,0.526043737574553
"1302",39030,89.94,3.3233,0.453009303208658,0.521471172962227
"1303",39060,89.78,3.3234,0.453199164609835,0.521669980119284
"1304",39090,89.9,NA,NA,NA
"1305",39120,89.93,NA,NA,NA
"1306",39150,89.99,NA,NA,NA
"1307",39180,89.81,NA,NA,NA
"1308",39210,89.9,NA,NA,NA
"1309",39240,90.04,3.3271,0.46022403645339,0.529025844930418
"1310",39270,90.02,3.3267,0.459464590848681,0.528230616302188
"1311",39300,90.17,3.3295,0.464780710081641,0.533797216699801
"1312",39330,90.07,3.3275,0.460983482058098,0.529821073558649
"1313",39360,90.13,3.3298,0.465350294285172,0.534393638170975
"1314",39390,90.02,3.3271,0.46022403645339,0.529025844930418
"1315",39420,89.93,3.3314,0.468388076704006,0.537574552683897
"1316",39450,90.09,3.3314,0.468388076704006,0.537574552683897
"1317",39480,89.9,3.3307,0.467059046895767,0.536182902584494
"1318",39510,89.92,NA,NA,NA
"1319",39540,89.93,NA,NA,NA
"1320",39570,89.97,NA,NA,NA
"1321",39600,89.99,NA,NA,NA
"1322",39630,89.99,NA,NA,NA
"1323",39660,89.95,3.3332,0.471805581925195,0.541153081510935
"1324",39690,90.02,3.333,0.471425859122841,0.54075546719682
"1325",39720,90.19,3.335,0.475223087146384,0.544731610337972
"1326",39750,90.11,3.3346,0.474463641541675,0.543936381709742
"1327",39780,90.04,3.3353,0.475792671349915,0.545328031809146
"1328",39810,89.95,3.3322,0.469906967913423,0.539165009940358
"1329",39840,89.86,3.3346,0.474463641541675,0.543936381709742
"1330",39870,89.81,3.333,0.471425859122841,0.54075546719682
"1331",39900,89.99,NA,NA,NA
"1332",39930,90.1,NA,NA,NA
"1333",39960,90.07,NA,NA,NA
"1334",39990,90.17,NA,NA,NA
"1335",40020,90.11,NA,NA,NA
"1336",40050,90.12,NA,NA,NA
"1337",40080,90.12,3.3383,0.481488513385229,0.551292246520875
"1338",40110,90.04,3.3378,0.480539206379344,0.550298210735587
"1339",40140,90.09,3.335,0.475223087146384,0.544731610337972
"1340",40170,89.96,3.3383,0.481488513385229,0.551292246520875
"1341",40200,89.94,3.3353,0.475792671349915,0.545328031809146
"1342",40230,89.81,3.3378,0.480539206379344,0.550298210735587
"1343",40260,89.76,3.3346,0.474463641541675,0.543936381709742
"1344",40290,89.68,3.3388,0.482437820391115,0.552286282306163
"1345",40320,89.8,NA,NA,NA
"1346",40350,89.9,NA,NA,NA
"1347",40380,89.88,NA,NA,NA
"1348",40410,90,NA,NA,NA
"1349",40440,90.16,NA,NA,NA
"1350",40470,90.16,3.3407,0.486045187013481,0.556063618290259
"1351",40500,90.28,3.3377,0.480349344978166,0.550099403578529
"1352",40530,90.17,3.3375,0.479969622175812,0.549701789264414
"1353",40560,90.13,3.3395,0.483766850199355,0.553677932405567
"1354",40590,90.11,3.3395,0.483766850199355,0.553677932405567
"1355",40620,89.89,3.3387,0.482247958989937,0.552087475149105
"1356",40650,90.04,3.3403,0.485285741408772,0.555268389662028
"1357",40680,90.13,3.3403,0.485285741408772,0.555268389662028
"1358",40710,90.03,3.3413,0.487184355420543,0.557256461232605
"1359",40740,89.95,NA,NA,NA
"1360",40770,90.02,NA,NA,NA
