"","time_s","uptake","hpv"
"1",0,0.409859154929578,88.23
"2",30,0.409389671361503,98.22
"3",60,NA,87.52
"4",90,0.413145539906103,78.93
"5",120,0.414084507042253,73.46
"6",150,0.404460093896714,68.95
"7",180,0.400234741784037,65.18
"8",210,NA,61.55
"9",240,0.408685446009389,58.17
"10",270,0.403521126760564,54.92
"11",300,0.403755868544601,52.2
"12",330,0.3981220657277,50.26
"13",360,NA,48.75
"14",390,0.4,47.53
"15",420,0.388967136150235,46.55
"16",450,0.395539906103286,45.72
"17",480,NA,45.01
"18",510,NA,44.38
"19",540,0.395070422535211,43.77
"20",570,0.396009389671362,43.32
"21",600,0.391079812206573,42.88
"22",630,NA,42.41
"23",660,NA,41.94
"24",690,0.393192488262911,41.5
"25",720,0.391079812206573,41.1
"26",750,0.384507042253521,40.71
"27",780,NA,40.33
"28",810,NA,39.97
"29",840,0.389671361502348,39.66
"30",870,0.388028169014084,39.38
"31",900,0.388028169014084,39.05
"32",930,NA,38.76
"33",960,NA,38.47
"34",990,0.389671361502348,38.18
"35",1020,0.386854460093896,37.89
"36",1050,0.389671361502348,37.6
"37",1080,NA,37.34
"38",1110,NA,37.04
"39",1140,0.386619718309859,36.76
"40",1170,0.37981220657277,36.5
"41",1200,0.385446009389671,36.24
"42",1230,NA,35.98
"43",1260,NA,35.71
"44",1290,0.384507042253521,35.48
"45",1320,0.382394366197183,35.24
"46",1350,0.383333333333334,35.01
"47",1380,NA,34.76
"48",1410,0.383333333333334,34.53
"49",1440,0.385446009389671,34.3
"50",1470,0.381220657276995,34.04
"51",1500,0.383802816901409,33.81
"52",1530,NA,33.55
"53",1560,NA,33.14
"54",1590,0.384507042253521,32.52
"55",1620,0.381455399061032,32.01
"56",1650,0.382629107981221,31.55
"57",1680,NA,31.03
"58",1710,0.37887323943662,30.4
"59",1740,0.380985915492957,29.9
"60",1770,0.375821596244132,29.5
"61",1800,0.37112676056338,29.08
"62",1830,NA,28.35
"63",1860,0.374882629107982,27.83
"64",1890,0.375821596244132,27.43
"65",1920,0.375586854460094,27.02
"66",1950,0.369953051643193,26.44
"67",1980,NA,25.98
"68",2010,0.369718309859155,25.65
"69",2040,0.370657276995305,25.28
"70",2070,0.36924882629108,24.67
"71",2100,0.375586854460094,24.23
"72",2130,NA,23.83
"73",2160,0.367840375586855,23.49
"74",2190,0.364788732394366,22.98
"75",2220,0.363615023474178,22.56
"76",2250,0.361971830985916,22.24
"77",2280,NA,21.98
"78",2310,0.36056338028169,21.48
"79",2340,0.358685446009389,21.03
"80",2370,0.360798122065727,20.72
"81",2400,0.357511737089202,20.42
"82",2430,NA,20.03
"83",2460,0.355868544600939,19.68
"84",2490,0.350469483568075,19.42
"85",2520,0.355164319248827,19.18
"86",2550,0.351643192488263,18.8
"87",2580,NA,18.43
"88",2610,0.347887323943662,18.13
"89",2640,0.346478873239436,17.9
"90",2670,0.345539906103286,17.61
"91",2700,0.343896713615023,17.28
"92",2730,NA,17.02
"93",2760,0.340845070422536,16.82
"94",2790,0.340610328638498,16.55
"95",2820,0.336854460093897,16.2
"96",2850,0.337089201877934,15.94
"97",2880,NA,15.71
"98",2910,0.333802816901409,15.49
"99",2940,0.32793427230047,15.23
"100",2970,0.327464788732395,15.03
"101",3000,0.325821596244131,14.86
"102",3030,NA,14.72
"103",3060,0.321830985915493,14.6
"104",3090,0.324413145539906,14.47
"105",3120,0.325586854460093,14.38
"106",3150,0.317840375586854,14.29
"107",3180,NA,14.21
"108",3210,0.319014084507042,14.09
"109",3240,0.314319248826291,14
"110",3270,0.31056338028169,13.91
"111",3300,0.310798122065727,13.85
"112",3330,NA,13.79
"113",3360,0.30093896713615,13.75
"114",3390,0.31056338028169,13.68
"115",3420,0.303521126760563,13.63
"116",3450,NA,13.58
"117",3480,NA,13.51
"118",3510,0.30093896713615,13.46
"119",3540,0.294600938967136,13.41
"120",3570,0.296478873239436,13.36
"121",3600,NA,13.31
"122",3630,NA,13.26
"123",3660,0.294835680751174,13.22
"124",3690,0.286854460093897,13.17
"125",3720,0.292018779342723,13.12
"126",3750,NA,13.06
"127",3780,NA,13.01
"128",3810,0.284037558685446,12.97
"129",3840,0.28075117370892,12.91
"130",3870,0.281220657276995,12.88
"131",3900,NA,12.82
"132",3930,NA,12.8
"133",3960,0.275352112676056,12.75
"134",3990,0.276291079812206,12.69
"135",4020,0.279342723004695,12.64
"136",4050,NA,12.58
"137",4080,NA,12.53
"138",4110,0.272065727699531,12.52
"139",4140,0.274647887323944,12.47
"140",4170,0.268779342723004,12.45
"141",4200,NA,12.42
"142",4230,NA,12.37
"143",4260,0.262206572769953,12.33
"144",4290,0.261032863849765,12.28
"145",4320,0.262676056338028,12.27
"146",4350,NA,12.24
"147",4380,0.257511737089202,12.2
"148",4410,0.256807511737089,12.15
"149",4440,0.255164319248826,12.11
"150",4470,0.256103286384976,12.09
"151",4500,NA,12.06
"152",4530,0.256103286384976,12.01
"153",4560,0.250938967136151,11.96
"154",4590,0.252582159624413,11.93
"155",4620,0.253051643192488,11.91
"156",4650,NA,11.87
"157",4680,0.245774647887324,11.82
"158",4710,0.240610328638497,11.8
"159",4740,0.247652582159624,11.75
"160",4770,0.246948356807512,11.73
"161",4800,NA,11.7
"162",4830,0.240610328638497,11.68
"163",4860,0.240140845070422,11.64
"164",4890,0.23661971830986,11.6
"165",4920,0.23849765258216,11.56
"166",4950,NA,11.55
"167",4980,0.231924882629108,11.51
"168",5010,0.233098591549296,11.48
"169",5040,0.236854460093897,11.45
"170",5070,0.231220657276995,11.43
"171",5100,NA,11.4
"172",5130,0.232394366197183,11.36
"173",5160,0.232159624413146,11.34
"174",5190,0.229342723004694,11.31
"175",5220,0.22112676056338,11.28
"176",5250,NA,11.26
"177",5280,0.223474178403756,11.24
"178",5310,0.226056338028169,11.21
"179",5340,0.216901408450704,11.18
"180",5370,0.222769953051644,11.17
"181",5400,NA,11.14
"182",5430,0.221361502347417,11.13
"183",5460,0.211267605633803,11.1
"184",5490,0.21737089201878,11.07
"185",5520,0.21244131455399,11.04
"186",5550,NA,11.02
"187",5580,0.213615023474178,11
"188",5610,0.211971830985915,10.96
"189",5640,0.211032863849765,10.92
"190",5670,0.212206572769953,10.9
"191",5700,NA,10.88
"192",5730,0.207981220657277,10.87
"193",5760,0.205164319248826,10.84
"194",5790,0.207981220657277,10.81
"195",5820,0.209154929577465,10.77
"196",5850,NA,10.75
"197",5880,0.196478873239437,10.72
"198",5910,0.197183098591549,10.71
"199",5940,0.194131455399061,10.7
"200",5970,0.198356807511737,10.68
"201",6000,NA,10.64
"202",6030,0.199765258215962,10.63
"203",6060,0.196244131455399,10.63
"204",6090,0.195774647887324,10.64
"205",6120,0.196713615023474,10.6
"206",6150,NA,10.56
"207",6180,0.191079812206573,10.55
"208",6210,0.192018779342723,10.53
"209",6240,0.191079812206573,10.51
"210",6270,0.185915492957746,10.49
"211",6300,NA,10.48
"212",6330,0.184037558685446,10.46
"213",6360,0.190140845070423,10.46
"214",6390,0.187089201877934,10.44
"215",6420,0.189201877934273,10.41
"216",6450,NA,10.39
"217",6480,0.179577464788732,10.37
"218",6510,0.183098591549296,10.36
"219",6540,0.181690140845071,10.34
"220",6570,NA,10.34
"221",6600,NA,10.33
"222",6630,0.183333333333333,10.3
"223",6660,0.179107981220657,10.29
"224",6690,0.176760563380282,10.27
"225",6720,NA,10.27
"226",6750,NA,10.26
"227",6780,0.180281690140845,10.25
"228",6810,0.17018779342723,10.21
"229",6840,0.17300469483568,10.21
"230",6870,NA,10.2
"231",6900,NA,10.17
"232",6930,0.168075117370892,10.15
"233",6960,0.166431924882629,10.15
"234",6990,0.16924882629108,10.13
"235",7020,NA,10.11
"236",7050,NA,10.1
"237",7080,0.165258215962441,10.08
"238",7110,0.164553990610328,10.07
"239",7140,0.164788732394366,10.05
"240",7170,NA,10.03
"241",7200,NA,10.03
"242",7230,0.162206572769953,10.03
"243",7260,0.160093896713614,10.01
"244",7290,0.161971830985916,10.02
"245",7320,NA,9.99
"246",7350,NA,9.99
"247",7380,0.158685446009389,9.96
"248",7410,0.157042253521127,9.95
"249",7440,0.157981220657277,9.93
"250",7470,NA,9.92
"251",7500,0.158920187793427,9.93
"252",7530,0.155164319248826,9.93
"253",7560,0.142488262910798,9.9
"254",7590,0.150704225352112,9.88
"255",7620,NA,9.85
"256",7650,0.153286384976525,9.87
"257",7680,0.15093896713615,9.85
"258",7710,0.153990610328639,9.84
"259",7740,0.148591549295775,9.83
"260",7770,NA,9.81
"261",7800,0.143661971830986,9.8
"262",7830,0.147417840375587,9.78
"263",7860,0.143896713615023,9.78
"264",7890,0.144600938967136,9.76
"265",7920,NA,9.74
"266",7950,0.145774647887323,9.74
"267",7980,0.135915492957746,9.76
"268",8010,0.149295774647887,9.73
"269",8040,0.147417840375587,9.71
"270",8070,NA,9.67
"271",8100,0.143661971830986,9.68
"272",8130,0.14037558685446,9.69
"273",8160,0.142723004694836,9.71
"274",8190,0.141079812206573,9.71
"275",8220,NA,9.68
"276",8250,0.141784037558686,9.67
"277",8280,0.141079812206573,9.65
"278",8310,0.137323943661972,9.66
"279",8340,0.14037558685446,9.65
"280",8370,NA,9.62
"281",8400,0.139906103286385,9.62
"282",8430,0.139671361502348,9.63
"283",8460,0.139436619718309,9.63
"284",8490,0.130985915492957,9.62
"285",8520,NA,9.61
"286",8550,0.130281690140845,9.6
"287",8580,0.133802816901409,9.59
"288",8610,0.134272300469484,9.59
"289",8640,0.13169014084507,9.59
"290",8670,NA,9.57
"291",8700,0.128638497652582,9.57
"292",8730,0.128638497652582,9.55
"293",8760,0.131455399061032,9.55
"294",8790,0.12793427230047,9.54
"295",8820,NA,9.52
"296",8850,0.131220657276995,9.5
"297",8880,0.129577464788732,9.5
"298",8910,0.122769953051643,9.49
"299",8940,0.126525821596244,9.49
"300",8970,NA,9.47
"301",9000,0.126760563380282,9.49
"302",9030,0.12793427230047,9.49
"303",9060,0.124647887323943,9.48
"304",9090,NA,9.47
"305",9120,NA,9.48
"306",9150,0.124178403755868,9.47
"307",9180,0.121596244131455,9.47
"308",9210,0.121830985915493,9.49
"309",9240,0.123004694835681,9.54
"310",9270,NA,9.55
"311",9300,0.112441314553991,9.56
"312",9330,0.120892018779343,9.55
"313",9360,0.126291079812207,9.57
"314",9390,NA,9.57
"315",9420,NA,9.57
"316",9450,0.122300469483568,9.56
"317",9480,0.119718309859155,9.54
"318",9510,0.118309859154929,9.53
"319",9540,NA,9.53
"320",9570,NA,9.54
"321",9600,0.118309859154929,9.52
"322",9630,0.12018779342723,9.51
"323",9660,0.117840375586854,9.51
"324",9690,NA,9.52
"325",9720,NA,9.49
"326",9750,0.115727699530516,9.48
"327",9780,0.113849765258216,9.47
"328",9810,0.120657276995305,9.45
"329",9840,NA,9.47
"330",9870,NA,9.47
"331",9900,0.111737089201877,9.47
"332",9930,0.10868544600939,9.48
"333",9960,0.115727699530516,9.52
"334",9990,NA,9.54
"335",10020,NA,9.57
"336",10050,0.114553990610329,9.57
"337",10080,0.111737089201877,9.56
"338",10110,0.107746478873239,9.55
"339",10140,NA,9.57
"340",10170,NA,9.55
"341",10200,0.112441314553991,9.53
"342",10230,0.11056338028169,9.54
"343",10260,0.112441314553991,9.55
"344",10290,NA,9.54
"345",10320,NA,9.52
"346",10350,0.107276995305164,9.51
"347",10380,0.110798122065727,9.5
"348",10410,0.10868544600939,9.47
"349",10440,NA,9.47
"350",10470,0.111032863849765,9.5
"351",10500,0.107746478873239,9.51
"352",10530,0.107746478873239,9.5
"353",10560,NA,9.49
"354",10590,NA,9.49
"355",10620,0.107981220657277,9.47
"356",10650,0.106338028169014,9.47
"357",10680,0.1037558685446,9.48
"358",10710,NA,9.52
"359",10740,NA,9.55
"360",10770,0.105399061032864,9.57
"361",10800,0.104460093896713,9.58
"362",10830,0.109859154929577,9.6
"363",10860,NA,9.61
"364",10890,NA,9.61
"365",10920,0.108450704225352,9.61
"366",10950,0.105164319248827,9.62
"367",10980,0.101173708920188,9.62
"368",11010,NA,9.62
"369",11040,NA,9.62
"370",11070,0.0997652582159628,9.61
"371",11100,0.107276995305164,9.59
"372",11130,0.104460093896713,9.58
"373",11160,NA,9.6
"374",11190,NA,9.59
"375",11220,0.1018779342723,9.59
"376",11250,0.100704225352113,9.56
"377",11280,0.1018779342723,9.55
"378",11310,NA,9.56
"379",11340,0.106572769953052,9.55
"380",11370,0.103051643192488,9.53
"381",11400,0.107981220657277,9.53
"382",11430,0.103051643192488,9.52
"383",11460,NA,9.51
"384",11490,0.100234741784038,9.51
"385",11520,0.100469483568075,9.5
"386",11550,0.106103286384977,9.49
"387",11580,0.104225352112676,9.5
"388",11610,NA,9.49
"389",11640,0.0957746478873242,9.5
"390",11670,0.0999999999999998,9.49
"391",11700,0.101173708920188,9.48
"392",11730,0.102582159624413,9.47
"393",11760,NA,9.45
"394",11790,0.103990610328638,9.47
"395",11820,0.102347417840375,9.48
"396",11850,0.100469483568075,9.5
"397",11880,0.101173708920188,9.52
"398",11910,NA,9.52
"399",11940,0.100234741784038,9.5
"400",11970,0.1018779342723,9.52
"401",12000,0.101643192488263,9.52
"402",12030,0.10093896713615,9.52
"403",12060,NA,9.51
"404",12090,0.0981220657276995,9.5
"405",12120,0.10281690140845,9.51
"406",12150,0.0938967136150229,9.51
"407",12180,0.0974178403755864,9.51
"408",12210,NA,9.5
"409",12240,0.0978873239436615,9.49
"410",12270,0.10093896713615,9.49
"411",12300,0.0981220657276995,9.48
"412",12330,0.1037558685446,9.47
"413",12360,NA,9.45
"414",12390,0.0983568075117366,9.45
"415",12420,0.0999999999999998,9.48
"416",12450,0.0971830985915494,9.52
"417",12480,0.0974178403755864,9.55
"418",12510,NA,9.57
"419",12540,0.0967136150234744,9.58
"420",12570,0.101643192488263,9.58
"421",12600,0.0971830985915494,9.57
"422",12630,0.0985915492957746,9.57
"423",12660,NA,9.58
"424",12690,0.100469483568075,9.57
"425",12720,0.102112676056338,9.56
"426",12750,0.0960093896713612,9.56
"427",12780,0.1037558685446,9.55
"428",12810,NA,9.52
"429",12840,0.0995305164319247,9.54
"430",12870,0.101173708920188,9.52
"431",12900,0.100704225352113,9.52
"432",12930,0.0969483568075114,9.52
"433",12960,NA,9.51
"434",12990,0.102347417840375,9.5
"435",13020,0.0978873239436615,9.49
"436",13050,0.0999999999999998,9.48
"437",13080,0.0988262910798116,9.48
"438",13110,NA,9.45
"439",13140,0.10093896713615,9.45
"440",13170,0.101643192488263,9.47
"441",13200,NA,9.5
"442",13230,0.0978873239436615,9.52
"443",13260,0.1037558685446,9.53
"444",13290,0.0976525821596245,9.52
"445",13320,0.0957746478873242,9.52
"446",13350,NA,9.52
"447",13380,0.0962441314553993,9.51
"448",13410,0.0934272300469478,9.93
"449",13440,0.094366197183099,11.09
"450",13470,0.0936619718309859,11.85
"451",13500,NA,12.47
"452",13530,0.0962441314553993,13.18
"453",13560,0.100469483568075,13.84
"454",13590,0.100234741784038,14.44
"455",13620,NA,14.95
"456",13650,NA,15.4
"457",13680,0.103521126760563,15.79
"458",13710,0.104694835680751,16.11
"459",13740,NA,16.39
"460",13770,NA,16.66
"461",13800,0.10868544600939,16.98
"462",13830,0.106807511737089,17.34
"463",13860,0.111267605633802,17.63
"464",13890,NA,17.87
"465",13920,NA,18.18
"466",13950,0.113145539906103,18.59
"467",13980,0.115727699530516,18.95
"468",14010,0.112441314553991,19.3
"469",14040,NA,19.63
"470",14070,NA,19.99
"471",14100,0.118779342723005,20.32
"472",14130,0.118779342723005,20.6
"473",14160,0.116666666666666,20.79
"474",14190,NA,20.94
"475",14220,NA,21.13
"476",14250,0.126760563380282,21.3
"477",14280,0.123004694835681,21.46
"478",14310,0.12206572769953,21.48
"479",14340,NA,21.46
"480",14370,NA,21.48
"481",14400,0.132863849765259,21.5
"482",14430,0.129342723004695,21.32
"483",14460,0.131924882629107,21.13
"484",14490,NA,20.99
"485",14520,NA,20.84
"486",14550,0.137089201877934,20.61
"487",14580,0.137558685446009,20.38
"488",14610,NA,20.17
"489",14640,NA,20.01
"490",14670,0.139671361502348,19.86
"491",14700,0.144366197183098,19.71
"492",14730,0.145070422535211,19.57
"493",14760,NA,19.45
"494",14790,0.145305164319248,19.37
"495",14820,0.146009389671361,19.32
"496",14850,NA,19.26
"497",14880,0.146244131455398,19.16
"498",14910,0.14906103286385,19.1
"499",14940,0.138497652582159,19.14
"500",14970,0.147417840375587,19.1
"501",15000,0.149765258215962,19.07
"502",15030,0.148591549295775,19.03
"503",15060,NA,19.08
"504",15090,NA,19.08
"505",15120,0.15093896713615,19.05
"506",15150,0.147652582159625,19
"507",15180,0.15093896713615,19.02
"508",15210,NA,19.04
"509",15240,NA,19
"510",15270,0.146244131455398,18.95
"511",15300,0.149765258215962,19.12
"512",15330,0.154929577464789,19.24
"513",15360,NA,19.29
"514",15390,0.155868544600939,19.31
"515",15420,0.156103286384977,19.38
"516",15450,0.157276995305164,19.42
"517",15480,NA,19.47
"518",15510,0.158215962441314,19.46
"519",15540,0.155164319248826,19.61
"520",15570,0.162676056338028,19.76
"521",15600,NA,19.86
"522",15630,0.158685446009389,19.88
"523",15660,0.159154929577464,19.87
"524",15690,0.161737089201878,19.9
"525",15720,0.162676056338028,19.92
"526",15750,NA,19.93
"527",15780,0.160093896713614,19.95
"528",15810,0.160093896713614,19.93
"529",15840,0.166197183098591,19.87
"530",15870,NA,19.81
"531",15900,0.158215962441314,19.76
"532",15930,0.166197183098591,19.71
"533",15960,NA,19.66
"534",15990,0.164319248826291,19.63
"535",16020,NA,19.6
"536",16050,0.169718309859155,19.56
"537",16080,0.168544600938967,19.52
"538",16110,NA,19.52
"539",16140,0.165258215962441,19.48
"540",16170,0.16924882629108,19.42
"541",16200,0.165727699530516,19.39
"542",16230,NA,19.32
"543",16260,0.167605633802817,19.26
"544",16290,0.17112676056338,19.27
"545",16320,0.169718309859155,19.25
"546",16350,NA,19.22
"547",16380,NA,19.18
"548",16410,0.17300469483568,19.22
"549",16440,0.176995305164319,19.29
"550",16470,NA,19.3
"551",16500,0.172300469483568,19.33
"552",16530,0.174178403755869,19.39
"553",16560,NA,19.46
"554",16590,0.178638497652582,19.5
"555",16620,0.175117370892019,19.51
"556",16650,0.176760563380282,19.53
"557",16680,NA,19.51
"558",16710,0.175117370892019,19.47
"559",16740,0.179342723004694,19.44
"560",16770,NA,19.43
"561",16800,0.177699530516432,19.47
"562",16830,0.18075117370892,19.56
"563",16860,NA,19.56
"564",16890,0.180046948356807,19.53
"565",16920,0.178638497652582,19.46
"566",16950,0.175352112676057,19.42
"567",16980,NA,19.39
"568",17010,0.184976525821596,19.38
"569",17040,0.182629107981221,19.42
"570",17070,0.182863849765258,19.46
"571",17100,0.182863849765258,19.49
"572",17130,0.181455399061033,19.51
"573",17160,NA,19.61
"574",17190,0.182159624413146,19.73
"575",17220,0.186384976525821,19.8
"576",17250,NA,19.79
"577",17280,0.18849765258216,19.78
"578",17310,0.183568075117371,19.77
"579",17340,NA,19.79
"580",17370,0.186150234741784,19.82
"581",17400,0.185211267605634,19.85
"582",17430,NA,19.85
"583",17460,0.185211267605634,19.83
"584",17490,0.186384976525821,19.81
"585",17520,0.190140845070423,19.85
"586",17550,NA,19.93
"587",17580,0.185446009389671,20.01
"588",17610,0.190140845070423,20.05
"589",17640,0.193896713615023,20.02
"590",17670,NA,20.02
"591",17700,0.191079812206573,20.02
"592",17730,0.192018779342723,20
"593",17760,0.19131455399061,19.98
"594",17790,0.19319248826291,19.93
"595",17820,0.195305164319249,19.89
"596",17850,0.195774647887324,19.86
"597",17880,0.188967136150235,19.86
"598",17910,0.192957746478873,19.84
"599",17940,NA,19.83
"600",17970,0.189906103286385,19.81
"601",18000,0.197417840375587,19.79
"602",18030,NA,19.73
"603",18060,0.195774647887324,19.71
"604",18090,0.195070422535212,19.69
"605",18120,0.198122065727699,19.64
"606",18150,0.193661971830985,19.58
"607",18180,0.196478873239437,19.53
"608",18210,0.196478873239437,19.46
"609",18240,0.195539906103287,19.45
"610",18270,0.198826291079812,19.49
"611",18300,0.198826291079812,19.53
"612",18330,NA,19.52
"613",18360,0.193427230046948,19.55
"614",18390,NA,19.58
"615",18420,0.197183098591549,19.56
"616",18450,0.199765258215962,19.5
"617",18480,NA,19.45
"618",18510,0.195070422535212,19.38
"619",18540,0.203051643192488,19.33
"620",18570,NA,19.27
"621",18600,0.200234741784037,19.26
"622",18630,0.197183098591549,19.32
"623",18660,0.20093896713615,19.41
"624",18690,0.202816901408451,19.49
"625",18720,NA,19.52
"626",18750,0.203990610328639,19.54
"627",18780,0.197887323943662,19.54
"628",18810,0.196713615023474,19.53
"629",18840,0.204225352112676,19.48
"630",18870,0.203755868544601,19.43
"631",18900,0.195305164319249,19.39
"632",18930,0.204929577464789,19.35
"633",18960,NA,19.34
"634",18990,0.201877934272301,19.35
"635",19020,0.204225352112676,18.77
"636",19050,NA,16.75
"637",19080,0.198591549295775,16.27
"638",19110,0.202112676056338,16.95
"639",19140,NA,18.19
"640",19170,0.203755868544601,19.54
"641",19200,0.204694835680751,21.1
"642",19230,NA,22.61
"643",19260,0.195305164319249,24.1
"644",19290,NA,25.7
"645",19320,0.207042253521126,27.13
"646",19350,0.211737089201878,28.41
"647",19380,0.214788732394366,29.56
"648",19410,0.214788732394366,30.43
"649",19440,0.212206572769953,31.09
"650",19470,NA,31.52
"651",19500,0.224178403755869,31.97
"652",19530,0.232159624413146,32.03
"653",19560,0.226291079812206,32.01
"654",19590,0.228638497652582,31.88
"655",19620,NA,31.64
"656",19650,0.234272300469483,31.39
"657",19680,0.22981220657277,31.17
"658",19710,NA,30.74
"659",19740,0.238262910798122,30.53
"660",19770,NA,30.17
"661",19800,0.246948356807512,29.99
"662",19830,0.245070422535211,29.76
"663",19860,0.250938967136151,29.63
"664",19890,0.252816901408451,29.51
"665",19920,NA,29.53
"666",19950,0.254694835680751,29.44
"667",19980,0.251173708920188,29.44
"668",20010,NA,29.42
"669",20040,0.25774647887324,29.45
"670",20070,0.259859154929577,29.46
"671",20100,NA,29.5
"672",20130,0.258920187793427,29.56
"673",20160,NA,29.61
"674",20190,0.266901408450704,29.68
"675",20220,0.269248826291079,29.73
"676",20250,0.267605633802817,29.8
"677",20280,NA,29.78
"678",20310,0.267840375586854,29.84
"679",20340,NA,29.88
"680",20370,0.273004694835681,29.93
"681",20400,0.276525821596244,29.98
"682",20430,NA,29.99
"683",20460,0.277464788732394,30.04
"684",20490,NA,30.03
"685",20520,0.28169014084507,30.08
"686",20550,NA,30.17
"687",20580,0.280281690140845,30.13
"688",20610,0.286150234741784,30.1
"689",20640,0.286150234741784,30.08
"690",20670,0.289671361502347,30.04
"691",20700,NA,30.05
"692",20730,NA,30.13
"693",20760,0.29131455399061,30.1
"694",20790,0.289906103286385,30.07
"695",20820,0.291549295774647,30.09
"696",20850,0.294366197183099,30.08
"697",20880,NA,30.06
"698",20910,0.301173708920188,30.06
"699",20940,0.296244131455399,29.99
"700",20970,0.299295774647888,30.03
"701",21000,0.298591549295774,29.99
"702",21030,0.303521126760563,29.96
"703",21060,NA,29.99
"704",21090,NA,29.96
"705",21120,0.307276995305164,29.94
"706",21150,NA,29.97
"707",21180,0.306103286384977,29.95
"708",21210,0.307511737089202,29.94
"709",21240,0.306807511737089,29.93
"710",21270,0.30868544600939,29.92
"711",21300,NA,29.86
"712",21330,NA,29.89
"713",21360,0.313849765258216,29.89
"714",21390,0.314084507042254,29.97
"715",21420,0.315023474178404,29.99
"716",21450,NA,30.01
"717",21480,0.310093896713615,30
"718",21510,0.315258215962441,29.99
"719",21540,0.317605633802817,30
"720",21570,NA,29.97
"721",21600,0.320422535211268,29.99
"722",21630,0.322300469483568,29.94
"723",21660,NA,29.93
"724",21690,0.322535211267606,29.96
"725",21720,0.325352112676056,29.99
"726",21750,0.324647887323943,30.01
"727",21780,0.325586854460093,30.01
"728",21810,NA,29.98
"729",21840,0.327464788732395,29.99
"730",21870,0.330516431924882,29.93
"731",21900,NA,30.02
"732",21930,0.328169014084507,30.02
"733",21960,0.326760563380282,30.04
"734",21990,0.329342723004695,30.04
"735",22020,0.333333333333333,30.04
"736",22050,NA,30.01
"737",22080,NA,29.98
"738",22110,0.336619718309859,29.99
"739",22140,NA,29.97
"740",22170,0.334037558685446,29.97
"741",22200,NA,30.01
"742",22230,0.340140845070422,29.93
"743",22260,0.332394366197183,30.05
"744",22290,0.340140845070422,30.04
"745",22320,NA,30.01
"746",22350,0.338967136150234,30.01
"747",22380,0.338732394366197,29.97
"748",22410,NA,29.93
"749",22440,0.342018779342723,29.99
"750",22470,NA,29.96
"751",22500,NA,29.99
"752",22530,0.340845070422536,30.03
"753",22560,NA,30.01
"754",22590,0.339671361502347,30.01
"755",22620,NA,30.06
"756",22650,0.348591549295775,29.97
"757",22680,NA,29.97
"758",22710,0.347183098591549,29.97
"759",22740,0.35093896713615,29.97
"760",22770,NA,29.98
"761",22800,0.351643192488263,30.01
"762",22830,0.349765258215962,29.97
"763",22860,0.346948356807511,29.94
"764",22890,0.346948356807511,29.91
"765",22920,NA,29.84
"766",22950,0.352347417840375,29.88
"767",22980,0.356338028169014,29.9
"768",23010,0.354929577464789,29.89
"769",23040,0.35,29.9
"770",23070,NA,29.85
"771",23100,0.360093896713615,29.89
"772",23130,NA,29.87
"773",23160,NA,29.87
"774",23190,0.356807511737089,29.88
"775",23220,NA,29.91
"776",23250,0.356807511737089,29.9
"777",23280,NA,29.92
"778",23310,0.360093896713615,29.89
"779",23340,NA,29.85
"780",23370,0.36056338028169,29.92
"781",23400,0.354929577464789,29.94
"782",23430,0.362441314553991,29.94
"783",23460,NA,29.95
"784",23490,0.362910798122066,29.98
"785",23520,0.361032863849766,31.64
"786",23550,0.365258215962441,33.77
"787",23580,0.365727699530516,30.78
"788",23610,NA,31.86
"789",23640,0.363849765258216,33.31
"790",23670,0.366431924882629,33.62
"791",23700,NA,33.51
"792",23730,0.369953051643193,33.8
"793",23760,NA,34
"794",23790,0.365258215962441,34.08
"795",23820,NA,34.13
"796",23850,0.368779342723005,34.15
"797",23880,NA,34.44
"798",23910,0.367840375586855,34.54
"799",23940,0.367840375586855,34.7
"800",23970,NA,34.95
"801",24000,0.372769953051643,35.12
"802",24030,0.373474178403755,35.36
"803",24060,NA,35.72
"804",24090,0.377464788732394,35.99
"805",24120,NA,36.33
"806",24150,0.379107981220657,36.65
"807",24180,NA,36.86
"808",24210,NA,37.05
"809",24240,0.378638497652582,37.31
"810",24270,NA,37.49
"811",24300,0.38075117370892,37.79
"812",24330,0.380516431924882,38.18
"813",24360,0.383098591549296,38.53
"814",24390,0.381924882629108,38.86
"815",24420,0.390610328638498,39.19
"816",24450,0.385446009389671,39.68
"817",24480,NA,39.76
"818",24510,NA,40.06
"819",24540,NA,40.2
"820",24570,0.388497652582159,40.34
"821",24600,NA,40.41
"822",24630,NA,40.44
"823",24660,0.386854460093896,40.44
"824",24690,0.38943661971831,40.41
"825",24720,NA,40.42
"826",24750,0.389671361502348,40.34
"827",24780,0.387089201877934,40.36
"828",24810,0.397887323943662,40.36
"829",24840,NA,40.25
"830",24870,0.393192488262911,40.16
"831",24900,0.393661971830986,40.13
"832",24930,0.392957746478873,40.06
"833",24960,NA,40.01
"834",24990,0.393192488262911,39.91
"835",25020,NA,39.95
"836",25050,NA,39.98
"837",25080,NA,40.01
"838",25110,0.391079812206573,39.98
"839",25140,0.396244131455399,40.01
"840",25170,0.39225352112676,40.08
"841",25200,0.393896713615023,40.18
"842",25230,NA,40.19
"843",25260,NA,40.26
"844",25290,0.392957746478873,40.21
"845",25320,0.395774647887323,40.23
"846",25350,NA,40.25
"847",25380,NA,40.29
"848",25410,0.39225352112676,40.45
"849",25440,0.385211267605634,40.48
"850",25470,0.394366197183098,40.44
"851",25500,0.394366197183098,40.4
"852",25530,NA,40.36
"853",25560,NA,40.41
"854",25590,0.3981220657277,40.48
"855",25620,0.395070422535211,40.53
"856",25650,NA,40.61
"857",25680,NA,40.61
"858",25710,0.392488262910798,40.52
"859",25740,0.399530516431925,40.61
"860",25770,0.393427230046948,40.55
"861",25800,NA,40.52
"862",25830,0.393896713615023,40.42
"863",25860,0.393896713615023,40.47
"864",25890,NA,40.3
"865",25920,NA,40.22
"866",25950,0.392723004694836,40.34
"867",25980,0.399530516431925,40.27
"868",26010,NA,40.32
"869",26040,NA,40.26
"870",26070,NA,40.2
"871",26100,NA,40.2
"872",26130,NA,40.17
"873",26160,0.400234741784037,40.15
"874",26190,0.400469483568075,40.18
"875",26220,0.394600938967136,40.13
"876",26250,0.396244131455399,40.19
"877",26280,0.39906103286385,40.12
"878",26310,NA,40.14
"879",26340,NA,40.01
"880",26370,NA,40.11
"881",26400,0.402582159624414,40.05
"882",26430,0.393192488262911,40.06
"883",26460,0.395305164319248,40.08
"884",26490,0.396713615023474,40.01
"885",26520,0.394835680751173,40.07
"886",26550,NA,40.4
"887",26580,NA,40.74
"888",26610,NA,40.88
"889",26640,NA,40.89
"890",26670,0.396948356807512,40.99
"891",26700,0.393661971830986,41.18
"892",26730,0.401173708920187,41.23
"893",26760,NA,41.5
"894",26790,NA,41.56
"895",26820,NA,41.66
"896",26850,0.396948356807512,41.91
"897",26880,0.392018779342723,42.28
"898",26910,0.397887323943662,42.42
"899",26940,0.394366197183098,42.73
"900",26970,0.396713615023474,42.98
"901",27000,0.3981220657277,43.29
"902",27030,NA,43.78
"903",27060,NA,44.1
"904",27090,NA,44.41
"905",27120,NA,44.77
"906",27150,NA,45.24
"907",27180,0.389906103286385,45.66
"908",27210,0.400234741784037,46.01
"909",27240,0.4018779342723,46.4
"910",27270,0.403990610328639,46.78
"911",27300,0.404460093896714,47.21
"912",27330,0.399295774647887,47.69
"913",27360,0.402347417840375,48.06
"914",27390,NA,48.48
"915",27420,NA,48.89
"916",27450,NA,49.3
"917",27480,NA,49.78
"918",27510,NA,50.08
"919",27540,0.406338028169014,50.33
"920",27570,0.402582159624414,50.68
"921",27600,0.404694835680751,50.76
"922",27630,0.406103286384976,50.96
"923",27660,0.396948356807512,50.99
"924",27690,0.407746478873239,51.31
"925",27720,0.403521126760564,51.27
"926",27750,NA,51.32
"927",27780,NA,51.43
"928",27810,NA,51.37
"929",27840,0.403051643192489,51.34
"930",27870,0.396478873239437,51.34
"931",27900,0.406572769953051,51.2
"932",27930,0.404225352112676,51.03
"933",27960,0.404694835680751,50.91
"934",27990,0.404460093896714,50.96
"935",28020,0.402816901408451,50.86
"936",28050,NA,50.75
"937",28080,NA,50.48
"938",28110,NA,50.43
"939",28140,NA,50.39
"940",28170,NA,50.35
"941",28200,0.405633802816901,50.27
"942",28230,0.406338028169014,50.16
"943",28260,0.403286384976526,50.12
"944",28290,0.405399061032864,50.03
"945",28320,0.406572769953051,49.88
"946",28350,0.403755868544601,49.76
"947",28380,0.401643192488262,49.83
"948",28410,NA,49.85
"949",28440,NA,49.91
"950",28470,NA,49.95
"951",28500,NA,49.89
"952",28530,NA,49.86
"953",28560,0.405164319248826,49.91
"954",28590,0.407511737089202,49.93
"955",28620,0.404460093896714,49.95
"956",28650,0.400704225352112,49.87
"957",28680,0.404694835680751,49.87
"958",28710,0.404929577464789,49.91
"959",28740,0.402347417840375,50.04
"960",28770,NA,49.91
"961",28800,NA,49.96
"962",28830,NA,49.95
"963",28860,NA,49.85
"964",28890,NA,49.77
"965",28920,0.40093896713615,49.87
"966",28950,0.4018779342723,49.89
"967",28980,0.404460093896714,49.93
"968",29010,0.400704225352112,50
"969",29040,0.403521126760564,50.07
"970",29070,0.403521126760564,50.04
"971",29100,0.405868544600939,49.98
"972",29130,0.405399061032864,49.97
"973",29160,NA,49.92
"974",29190,NA,50.14
"975",29220,NA,50.22
"976",29250,0.405164319248826,50.15
"977",29280,0.399295774647887,50.13
"978",29310,0.406807511737089,50.05
"979",29340,0.402582159624414,50.03
"980",29370,0.403286384976526,49.96
"981",29400,0.400469483568075,50.08
"982",29430,NA,50.13
"983",29460,NA,50
"984",29490,0.402112676056338,49.98
"985",29520,0.3981220657277,49.98
"986",29550,0.404694835680751,50.02
"987",29580,0.399295774647887,50.03
"988",29610,0.404225352112676,49.95
"989",29640,NA,49.96
"990",29670,NA,50.17
"991",29700,NA,50.45
"992",29730,NA,50.6
"993",29760,0.402816901408451,50.79
"994",29790,0.406807511737089,50.91
"995",29820,0.4018779342723,51.1
"996",29850,0.404225352112676,51.53
"997",29880,0.402112676056338,51.75
"998",29910,0.404694835680751,51.96
"999",29940,NA,52.34
"1000",29970,NA,52.6
"1001",30000,NA,53.07
"1002",30030,NA,53.6
"1003",30060,NA,53.95
"1004",30090,0.405633802816901,54.37
"1005",30120,0.404225352112676,54.81
"1006",30150,0.405399061032864,55.14
"1007",30180,0.402816901408451,55.54
"1008",30210,0.404460093896714,56.03
"1009",30240,0.407511737089202,56.45
"1010",30270,0.405164319248826,56.82
"1011",30300,0.403521126760564,57.06
"1012",30330,0.408215962441314,57.55
"1013",30360,NA,57.9
"1014",30390,NA,58.38
"1015",30420,NA,58.69
"1016",30450,0.407042253521127,59.13
"1017",30480,0.402816901408451,59.46
"1018",30510,0.406103286384976,59.78
"1019",30540,0.414319248826291,60.11
"1020",30570,0.408450704225352,60.62
"1021",30600,0.405868544600939,60.72
"1022",30630,0.411267605633803,60.88
"1023",30660,0.406338028169014,61.08
"1024",30690,0.411267605633803,61.19
"1025",30720,NA,61.17
"1026",30750,NA,61.25
"1027",30780,NA,61.25
"1028",30810,NA,61.05
"1029",30840,NA,61.03
"1030",30870,0.411502347417841,60.88
"1031",30900,0.410328638497653,60.81
"1032",30930,0.410093896713615,60.6
"1033",30960,0.407981220657277,60.68
"1034",30990,0.406572769953051,60.71
"1035",31020,0.408920187793427,60.52
"1036",31050,0.406807511737089,60.43
"1037",31080,0.403051643192489,60.23
"1038",31110,NA,60.27
"1039",31140,NA,60.2
"1040",31170,NA,60.15
"1041",31200,NA,59.97
"1042",31230,NA,59.78
"1043",31260,0.404225352112676,59.9
"1044",31290,0.410093896713615,59.81
"1045",31320,0.403755868544601,59.86
"1046",31350,0.407981220657277,59.97
"1047",31380,0.404225352112676,59.99
"1048",31410,0.411737089201878,59.9
"1049",31440,0.407511737089202,59.95
"1050",31470,NA,59.9
"1051",31500,NA,59.92
"1052",31530,NA,59.95
"1053",31560,NA,59.95
"1054",31590,NA,59.93
"1055",31620,0.404460093896714,59.99
"1056",31650,0.404225352112676,60.05
"1057",31680,0.407981220657277,59.95
"1058",31710,0.405164319248826,59.98
"1059",31740,0.411032863849765,59.98
"1060",31770,0.413615023474178,59.95
"1061",31800,0.409389671361503,59.95
"1062",31830,0.410093896713615,59.98
"1063",31860,0.407042253521127,59.92
"1064",31890,NA,59.93
"1065",31920,NA,60.04
"1066",31950,NA,60
"1067",31980,NA,59.95
"1068",32010,NA,59.97
"1069",32040,0.405164319248826,60.05
"1070",32070,0.408215962441314,60.05
"1071",32100,0.407746478873239,60.01
"1072",32130,0.412441314553991,59.91
"1073",32160,0.406338028169014,59.99
"1074",32190,0.407981220657277,59.97
"1075",32220,0.403755868544601,59.91
"1076",32250,0.407746478873239,59.92
"1077",32280,NA,59.8
"1078",32310,NA,59.99
"1079",32340,NA,60.01
"1080",32370,NA,60
"1081",32400,NA,59.98
"1082",32430,0.405633802816901,60.05
"1083",32460,0.405164319248826,60.11
"1084",32490,0.4018779342723,60.09
"1085",32520,0.408685446009389,60.09
"1086",32550,0.41056338028169,60.16
"1087",32580,0.407042253521127,61.26
"1088",32610,0.405633802816901,62.78
"1089",32640,0.408685446009389,63.43
"1090",32670,0.405399061032864,63.63
"1091",32700,NA,63.63
"1092",32730,NA,63.62
"1093",32760,NA,63.65
"1094",32790,NA,63.6
"1095",32820,NA,63.5
"1096",32850,0.410328638497653,63.26
"1097",32880,0.407746478873239,63.12
"1098",32910,0.41056338028169,63.06
"1099",32940,0.410093896713615,62.88
"1100",32970,0.404694835680751,63.01
"1101",33000,0.407276995305164,63.08
"1102",33030,0.407746478873239,63.2
"1103",33060,0.411267605633803,63.24
"1104",33090,0.41056338028169,63.66
"1105",33120,NA,64.1
"1106",33150,NA,64.37
"1107",33180,NA,64.78
"1108",33210,NA,65.25
"1109",33240,NA,65.75
"1110",33270,0.406807511737089,66.47
"1111",33300,0.411737089201878,66.91
"1112",33330,0.412441314553991,67.49
"1113",33360,0.412676056338028,67.91
"1114",33390,0.411737089201878,68.21
"1115",33420,0.407042253521127,68.8
"1116",33450,0.407746478873239,69.15
"1117",33480,0.410328638497653,69.6
"1118",33510,NA,70
"1119",33540,NA,70.24
"1120",33570,NA,70.52
"1121",33600,NA,70.76
"1122",33630,NA,70.9
"1123",33660,NA,71.03
"1124",33690,0.41737089201878,71.13
"1125",33720,0.413615023474178,71.07
"1126",33750,0.413145539906103,70.95
"1127",33780,0.41643192488263,71
"1128",33810,0.41056338028169,70.84
"1129",33840,0.415962441314553,70.69
"1130",33870,0.415492957746478,70.6
"1131",33900,0.407981220657277,70.62
"1132",33930,NA,70.48
"1133",33960,NA,70.35
"1134",33990,NA,70.34
"1135",34020,NA,70.44
"1136",34050,NA,70.3
"1137",34080,0.414788732394366,70.14
"1138",34110,0.411737089201878,70.18
"1139",34140,0.414319248826291,70.07
"1140",34170,0.416666666666667,70.12
"1141",34200,0.412441314553991,69.89
"1142",34230,0.406103286384976,69.8
"1143",34260,0.413615023474178,69.93
"1144",34290,0.412676056338028,69.93
"1145",34320,0.413615023474178,69.84
"1146",34350,NA,69.67
"1147",34380,NA,69.78
"1148",34410,NA,69.92
"1149",34440,NA,70.08
"1150",34470,NA,70.04
"1151",34500,0.411737089201878,70.03
"1152",34530,0.405633802816901,69.92
"1153",34560,0.409154929577464,69.97
"1154",34590,0.404225352112676,70.04
"1155",34620,0.411502347417841,69.86
"1156",34650,0.410798122065728,69.98
"1157",34680,0.411737089201878,69.95
"1158",34710,0.413849765258216,70.1
"1159",34740,NA,70.14
"1160",34770,NA,70.03
"1161",34800,NA,70.19
"1162",34830,NA,70.09
"1163",34860,NA,70
"1164",34890,0.411267605633803,69.98
"1165",34920,0.408920187793427,70.14
"1166",34950,0.409624413145539,70.24
"1167",34980,0.409154929577464,70.13
"1168",35010,0.409389671361503,70.15
"1169",35040,0.411267605633803,70.08
"1170",35070,0.408215962441314,69.96
"1171",35100,0.412910798122066,70
"1172",35130,0.411737089201878,70.02
"1173",35160,NA,70.25
"1174",35190,NA,70.08
"1175",35220,NA,69.93
"1176",35250,NA,69.75
"1177",35280,NA,69.72
"1178",35310,0.407746478873239,69.69
"1179",35340,0.409389671361503,69.98
"1180",35370,0.413615023474178,69.76
"1181",35400,0.412441314553991,69.76
"1182",35430,0.406807511737089,69.88
"1183",35460,0.407746478873239,70
"1184",35490,0.411971830985916,69.93
"1185",35520,0.408450704225352,69.98
"1186",35550,0.415258215962441,70.1
"1187",35580,NA,69.97
"1188",35610,NA,70.05
"1189",35640,NA,70.08
"1190",35670,NA,70.07
"1191",35700,NA,70.31
"1192",35730,0.412910798122066,70.58
"1193",35760,0.413145539906103,70.84
"1194",35790,0.410093896713615,71.09
"1195",35820,0.411267605633803,71.27
"1196",35850,0.415492957746478,71.77
"1197",35880,0.413849765258216,72.07
"1198",35910,0.410798122065728,72.47
"1199",35940,0.412206572769953,72.78
"1200",35970,NA,73.42
"1201",36000,NA,73.74
"1202",36030,NA,74.04
"1203",36060,NA,74.52
"1204",36090,NA,74.99
"1205",36120,0.412441314553991,75.31
"1206",36150,0.409389671361503,75.6
"1207",36180,0.411971830985916,75.83
"1208",36210,0.411737089201878,76.27
"1209",36240,0.413145539906103,76.62
"1210",36270,0.413145539906103,77
"1211",36300,0.412910798122066,77.48
"1212",36330,0.407746478873239,77.91
"1213",36360,0.415258215962441,78.13
"1214",36390,NA,78.5
"1215",36420,NA,79.02
"1216",36450,NA,79.29
"1217",36480,NA,79.73
"1218",36510,NA,80
"1219",36540,0.411032863849765,80.22
"1220",36570,0.416666666666667,80.57
"1221",36600,0.415258215962441,80.56
"1222",36630,0.409154929577464,80.72
"1223",36660,0.413380281690141,80.76
"1224",36690,0.417840375586855,80.89
"1225",36720,0.409624413145539,80.86
"1226",36750,0.415258215962441,80.89
"1227",36780,0.414319248826291,80.86
"1228",36810,NA,80.68
"1229",36840,NA,80.62
"1230",36870,NA,80.57
"1231",36900,NA,80.51
"1232",36930,NA,80.55
"1233",36960,0.416666666666667,80.36
"1234",36990,0.407981220657277,80.44
"1235",37020,0.408450704225352,80.27
"1236",37050,0.415023474178403,80.28
"1237",37080,0.414084507042253,80.14
"1238",37110,0.413380281690141,79.96
"1239",37140,0.411267605633803,79.74
"1240",37170,0.415258215962441,79.89
"1241",37200,NA,80.01
"1242",37230,NA,80.12
"1243",37260,NA,79.98
"1244",37290,NA,79.95
"1245",37320,NA,79.94
"1246",37350,0.416901408450705,79.93
"1247",37380,0.415727699530516,79.96
"1248",37410,0.414788732394366,79.95
"1249",37440,0.41056338028169,79.82
"1250",37470,0.411502347417841,79.7
"1251",37500,0.410328638497653,79.85
"1252",37530,0.413849765258216,79.79
"1253",37560,0.411032863849765,79.89
"1254",37590,0.412441314553991,79.94
"1255",37620,NA,80.12
"1256",37650,NA,80.04
"1257",37680,NA,79.93
"1258",37710,NA,80.05
"1259",37740,NA,80.01
"1260",37770,0.412206572769953,79.99
"1261",37800,0.415727699530516,79.96
"1262",37830,0.413849765258216,80.04
"1263",37860,0.409154929577464,80.05
"1264",37890,0.414788732394366,80.15
"1265",37920,0.413145539906103,80.25
"1266",37950,0.413380281690141,80.1
"1267",37980,0.413380281690141,80.1
"1268",38010,0.412441314553991,80.32
"1269",38040,NA,80.16
"1270",38070,NA,80.05
"1271",38100,NA,80.11
"1272",38130,NA,80.08
"1273",38160,NA,80.14
"1274",38190,0.409624413145539,80.05
"1275",38220,0.407746478873239,80.09
"1276",38250,0.412441314553991,80.18
"1277",38280,0.413145539906103,80.1
"1278",38310,0.415258215962441,80.13
"1279",38340,0.407042253521127,80.15
"1280",38370,0.413615023474178,79.96
"1281",38400,0.414553990610328,79.92
"1282",38430,NA,79.89
"1283",38460,NA,80.07
"1284",38490,NA,79.97
"1285",38520,NA,79.94
"1286",38550,NA,80.14
"1287",38580,0.415258215962441,79.87
"1288",38610,0.416901408450705,79.92
"1289",38640,0.411737089201878,80.12
"1290",38670,0.415727699530516,80.27
"1291",38700,0.410328638497653,80.39
"1292",38730,0.414084507042253,80.55
"1293",38760,0.412441314553991,80.76
"1294",38790,0.413615023474178,80.94
"1295",38820,0.412206572769953,81.27
"1296",38850,NA,81.69
"1297",38880,NA,81.98
"1298",38910,NA,82.14
"1299",38940,NA,82.58
"1300",38970,NA,83.21
"1301",39000,0.415962441314553,83.67
"1302",39030,0.414788732394366,83.92
"1303",39060,0.413615023474178,84.3
"1304",39090,0.412910798122066,84.69
"1305",39120,0.411971830985916,85.15
"1306",39150,0.413615023474178,85.7
"1307",39180,0.413615023474178,85.89
"1308",39210,0.411267605633803,86.3
"1309",39240,0.410328638497653,86.76
"1310",39270,NA,87.1
"1311",39300,NA,87.45
"1312",39330,NA,87.76
"1313",39360,NA,88.19
"1314",39390,NA,88.52
"1315",39420,0.41830985915493,88.78
"1316",39450,0.41924882629108,89.1
"1317",39480,0.420657276995305,89.34
"1318",39510,0.414319248826291,89.58
"1319",39540,0.412910798122066,90.06
"1320",39570,0.418544600938967,90.3
"1321",39600,0.416901408450705,90.51
"1322",39630,0.413849765258216,90.65
"1323",39660,NA,90.81
"1324",39690,NA,90.84
"1325",39720,NA,90.93
"1326",39750,NA,90.92
"1327",39780,NA,90.78
"1328",39810,0.414788732394366,90.67
"1329",39840,0.418075117370892,90.57
"1330",39870,0.415962441314553,90.5
"1331",39900,0.411032863849765,90.47
"1332",39930,0.413615023474178,90.4
"1333",39960,0.416666666666667,90.33
"1334",39990,0.416666666666667,90.09
"1335",40020,0.417840375586855,89.93
"1336",40050,0.414084507042253,89.91
"1337",40080,NA,89.9
"1338",40110,NA,89.91
"1339",40140,NA,89.9
"1340",40170,NA,90.04
"1341",40200,NA,90.09
"1342",40230,0.416901408450705,90.04
"1343",40260,0.42018779342723,89.89
"1344",40290,0.41643192488263,89.86
"1345",40320,0.41737089201878,89.81
"1346",40350,0.41924882629108,89.94
"1347",40380,0.419718309859155,89.91
"1348",40410,0.41924882629108,89.87
"1349",40440,0.415258215962441,89.94
"1350",40470,0.412676056338028,89.99
"1351",40500,NA,89.93
"1352",40530,NA,89.87
"1353",40560,NA,89.88
"1354",40590,NA,89.89
"1355",40620,NA,89.87
"1356",40650,0.41737089201878,90.13
"1357",40680,0.414788732394366,90.19
"1358",40710,0.418544600938967,90.02
"1359",40740,0.414319248826291,90.07
"1360",40770,0.413849765258216,90.3
"1361",40800,0.410328638497653,90.38
"1362",40830,0.409154929577464,90.34
"1363",40860,0.414788732394366,90.26
"1364",40890,NA,90.07
"1365",40920,NA,89.99
"1366",40950,NA,89.94
"1367",40980,NA,90.03
"1368",41010,NA,90.03
"1369",41040,0.416901408450705,90.17
"1370",41070,0.413849765258216,90.14
"1371",41100,0.41737089201878,89.92
"1372",41130,0.41924882629108,89.88
"1373",41160,0.412206572769953,90.02
"1374",41190,0.413380281690141,90.01
"1375",41220,0.415258215962441,90.04
"1376",41250,0.411737089201878,90
"1377",41280,0.417605633802817,89.95
"1378",41310,NA,89.86
"1379",41340,NA,89.92
"1380",41370,NA,89.98
"1381",41400,NA,89.8
"1382",41430,NA,89.8
"1383",41460,0.418075117370892,89.8
"1384",41490,0.416197183098591,89.71
"1385",41520,0.415727699530516,89.8
"1386",41550,0.416901408450705,89.99
"1387",41580,0.412910798122066,89.95
"1388",41610,0.414084507042253,90.06
"1389",41640,0.416197183098591,89.97
"1390",41670,0.413380281690141,89.92
"1391",41700,0.418779342723005,89.91
"1392",41730,NA,89.93
"1393",41760,NA,89.99
"1394",41790,NA,90.08
"1395",41820,NA,90.21
"1396",41850,0.412676056338028,90.06
"1397",41880,0.41830985915493,89.89
"1398",41910,0.415962441314553,89.93
"1399",41940,0.415962441314553,89.86
"1400",41970,0.414084507042253,90.09
"1401",42000,0.41737089201878,90.3
"1402",42030,0.417840375586855,90.4
"1403",42060,0.413380281690141,90.6
"1404",42090,0.41737089201878,90.68
"1405",42120,NA,90.76
"1406",42150,NA,90.92
"1407",42180,NA,91.02
"1408",42210,NA,91.15
"1409",42240,NA,91.24
"1410",42270,0.411502347417841,91.39
"1411",42300,0.416901408450705,91.62
"1412",42330,0.419483568075117,91.81
"1413",42360,0.419953051643192,92.1
"1414",42390,0.417605633802817,92.26
"1415",42420,0.415023474178403,92.38
"1416",42450,0.418075117370892,92.67
"1417",42480,0.417136150234742,92.93
"1418",42510,0.418544600938967,93.1
"1419",42540,NA,93.32
"1420",42570,NA,93.55
"1421",42600,NA,93.67
"1422",42630,NA,93.64
"1423",42660,NA,93.75
"1424",42690,0.415258215962441,93.91
"1425",42720,0.419953051643192,94.17
"1426",42750,0.415962441314553,94.47
"1427",42780,0.415023474178403,94.7
"1428",42810,0.417840375586855,94.81
"1429",42840,0.41643192488263,94.96
"1430",42870,0.41737089201878,95.06
"1431",42900,0.413380281690141,95.04
"1432",42930,NA,95.12
"1433",42960,NA,95.22
"1434",42990,NA,95.18
"1435",43020,NA,94.99
"1436",43050,NA,95.12
"1437",43080,0.424413145539906,95.2
"1438",43110,0.41924882629108,95.26
"1439",43140,0.419718309859155,95.34
"1440",43170,0.418544600938967,95.31
"1441",43200,0.420892018779343,95.33
"1442",43230,0.419718309859155,95.29
"1443",43260,0.41737089201878,95.23
"1444",43290,0.417840375586855,95.24
"1445",43320,0.422300469483568,95.16
"1446",43350,NA,95.13
"1447",43380,NA,95.19
"1448",43410,NA,95.12
"1449",43440,NA,95.07
"1450",43470,NA,95.05
"1451",43500,0.421361502347418,95.07
"1452",43530,0.416901408450705,95.02
"1453",43560,0.417136150234742,95.07
"1454",43590,0.42206572769953,95.11
"1455",43620,0.417136150234742,95.17
"1456",43650,0.413615023474178,95.12
"1457",43680,0.421361502347418,95.05
"1458",43710,0.417136150234742,95.07
"1459",43740,0.415258215962441,95
"1460",43770,NA,94.96
"1461",43800,NA,94.91
"1462",43830,NA,94.9
"1463",43860,NA,94.79
"1464",43890,NA,94.75
"1465",43920,0.413380281690141,94.77
"1466",43950,0.414788732394366,94.72
"1467",43980,0.418544600938967,94.78
"1468",44010,0.413145539906103,94.76
"1469",44040,0.415023474178403,94.76
"1470",44070,0.412206572769953,94.89
"1471",44100,0.415727699530516,94.89
"1472",44130,0.41924882629108,94.87
"1473",44160,0.412441314553991,94.78
"1474",44190,NA,94.75
"1475",44220,NA,94.77
"1476",44250,NA,94.81
"1477",44280,NA,94.95
"1478",44310,0.41643192488263,95.17
"1479",44340,0.419014084507042,95.07
"1480",44370,0.412676056338028,95
"1481",44400,0.41737089201878,94.92
"1482",44430,0.41737089201878,94.89
"1483",44460,0.414788732394366,95.08
"1484",44490,0.413849765258216,95.21
"1485",44520,0.414319248826291,95.17
"1486",44550,0.414319248826291,95.2
"1487",44580,NA,95.14
"1488",44610,NA,95.24
"1489",44640,NA,95.34
"1490",44670,NA,95.29
"1491",44700,NA,95.17
"1492",44730,0.417840375586855,95.01
"1493",44760,0.419483568075117,95.07
"1494",44790,0.41737089201878,94.91
"1495",44820,0.413849765258216,94.82
"1496",44850,0.423708920187794,94.86
"1497",44880,0.418544600938967,94.94
"1498",44910,0.41830985915493,95.08
"1499",44940,0.414084507042253,95.07
"1500",44970,0.409859154929578,95.01
"1501",45000,NA,95.07
"1502",45030,NA,95.19
"1503",45060,NA,95.19
"1504",45090,NA,95.08
"1505",45120,NA,95.08
"1506",45150,0.425586854460094,95.06
